,,,,,,,,,,,,,,,,,,,,,,,,,,,,,,,,,,,,,,,,,,,,,,,,,,,,,,,
a,::00,::00,::00,6,7,,10,12,11,13,14,"1500,00%",Heures fonctionnement calculées,"1700,00%","1800,00%","1900,00%","2000,00%","21,0","2200,00%","24,00","25,00","26,00","27,00","28,00","29,00",Niveau silo  REFIOM,Livraison Bicar,,Niveau silo bicarbonate,,,Niveau silo charbon actif,,,Niveau cuve ammoniaque,Gaz compteur_Brûleur haut,Gaz compteur_Brûleur bas,Compteur Brûleur Denox,,Compteur Eau de forage Totale,Compteur eau ville industrielle,Compteur EAU douche P2,Compteur eau déminéralisée FQ64327 (local osomoseur),Compteur eau de process FQ03110 (SNCC),Compteur eau déminéralisée jour FQ64327 (local osomoseur),Compteur eau de ville/industrielle FQ64005 (SNCC),Compteur eau de tremis OM ,FQI 64 050_Valeur compteur eau adoucie,,,Production thermique SST,,Compteur GTA FUJI (A.tot) HTA,Compteur GTA DIRIS A40 (TGBT),
,2025,,,APPORTS,,,,,,,,TEMPS de FONCTIONNEMENT,,,,,,,,EVACUATIONS,,,,,,,CONSOMMABLES,,,,,,,,,,,,,,,,,,,,,,,,,,Energie ELECTRIQUE,,
,,,,Tonnage INCINERATION,,,VERRE,,,Emballage,,,,,,,,,,REFIOM,,FERRAILLE,,MACHEFERS,,Niv. REFIOM,Livraison REACTIFS,,,,,,,,,,,,,,,,,,,,,,,,,,Production,,
,Unités,,,T,T,T,T,Camion,T,T,T,Dispo en %,"Hrs
/ jour",,"Hrs
Cumul mensuel",,"Dispo Cumul
en %",hr,Commentaire,Camion,T,Camion,T,Camion,T,T,T,T,T,T,T,T,m3,m3,m3,m3,m3,m3,m3,m3,m3,m3,m3,m3,m3,m3,m3,m3,m3,T/h,MWh,MW,MWh,MWh,MW
Remplir manuel,,,,,,,,,,,,,,,,,,,,,,,,,,,,,,,,,,,,,,,,,,,,,,,,,,,,,,,
,"Jour du 
mois",Date,Jour,"POIDS
NET",DEVOIEMENT,Tonnage incinéré,APPORTS VERRE,EVACUATION VERRE PLANIFIEE,"EVACUATION 
VERRE Réel","APPORTS
EMBALLAGE","EVACUATION
EMBALLAGE","Dispo quotidien
 en %",Temps de fonctionnement L1,Temps de fonctionnement L1 min,Temps de fonctionnement cumulé mensuel L1,Temps de fonctionnement cumulé mensuel L1 min,"Cumul Dispo mensuelle
 en %",Temps d'arret L1,"Evènements
Ligne 1","Refiom 
Planifié","Refiom 
Réel","Ferraille
Planifié","Ferraille
Réel","Machefers
Planifié","Machefers
Réel","Niveau Refiom
Réel",Dépotage BICARBONATE planifié," Dépotage BICARBONATE 
Réel",Niveau BICAR,Dépotage CHARBON ACTIF planifié,"Dépotage CHARBON
 ACTIF Réel","Niveau CHARBON
 ACTIF",Dépotage AMMONIAQUE planifié,Dépotage AMMONIAQUE Réel,Niveau AMMONIAQUE,Four haut,Four bas,DeNox,Gaz global,Eau forage,Eau de ville industrielle,Docuhe P2,Eau déminé,Eau de process (SNCC),Compteur eau déminéralisée jour FQ64327 (local osomoseur),Eau de ville/indus. FQ64005 (SNCC),Eau de trémis OM ,Eau adoucie ,"Delta conso 
eau adoucie J; J-1 ",Débit vapeur moyen par jour ,Production thermique SST,"Puissance
Moyenne
Horaire",Energie GTA FUJI (A.tot) HTA,Energie GTA DIRIS A40 (TGBT),"Puissance
Moyenne
horaire élec"
janvier 2025,1,01/01/2025,mercredi,"23,04",0,230,,,,,,"100,00%",24,0,24,0,"100,00%","0,0",,,,,,,,20,,,53,,,15,,,6,0,"0,0",0,0,16,0,,,0,"10,00",11,"0,00",15,-30,30,101,"420,83%","92,30","93,00","3,85"
,2,02/01/2025,jeudi,"349,04",0,230,"15,90",,,"14,14","14,14","100,00%",24,0,48,0,"100,00%","0,0",,,"23,80",,,,"112,66",29,,,50,,,15,,,6,0,"0,0",0,0,34,0,,,0,"14,00",11,"0,00",22,7,30,110,"457,08%","108,30","109,00","4,51"
,3,03/01/2025,vendredi,"288,45",0,230,"12,66",,,"10,76","8,28","100,00%",24,0,72,0,"100,00%","0,0",,,,,,,"109,92",14,,,47,,,15,,,6,2,"0,0",0,2,42,0,,,,"13,00",9,"0,00",23,1,30,143,"596,25%","112,80","113,30","4,70"
,4,04/01/2025,samedi,"191,36",0,230,,,,,,"100,00%",24,0,96,0,"100,00%","0,0",,,,,,,,20,,,45,,,15,,,6,0,"0,0",0,0,39,0,,,,"9,00",0,"0,00",19,-4,30,127,"530,00%","109,40","109,10","4,56"
,5,05/01/2025,dimanche,"0,96",0,230,,,,,,"100,00%",24,0,120,0,"100,00%","0,0",,,,,,,,25,,,43,,,15,,,5,0,"0,0",0,0,"11,1",0,,,0,"18,00",1,"0,00",20,1,30,86,"356,25%","103,40","105,60","4,31"
,6,06/01/2025,lundi,"301,30",0,230,,,,"13,44","16,08","100,00%",24,0,144,0,"100,00%","0,0",,,,,,,,33,,,40,,,15,,,5,0,"0,0",0,0,"51,5",0,,,0,"16,00",10,"0,00",24,4,30,93,"385,42%","125,80","107,00","5,24"
,7,07/01/2025,mardi,"427,18",0,230,,,"21,28","8,10","15,00","100,00%",24,0,168,0,"100,00%","0,0",,,,,,,"55,60",40,,,37,,,15,,,5,0,"0,0",0,0,"28,0",0,,,0,"12,00",12,"0,00",19,-5,30,95,"395,83%","97,00","115,00","4,04"
,8,08/01/2025,mercredi,"369,62",0,230,,,,"10,96","6,24","100,00%",24,0,192,0,"100,00%","0,0",,,"26,32",,,,"116,10",17,,,35,,,15,,20,27,7,"2,0",0,9,32,0,,,"0,025","14,00",12,"0,00",21,2,30,108,"450,00%","117,00","118,00","4,88"
,9,09/01/2025,jeudi,"286,12",0,230,"11,62",,"19,48","9,00","9,60","100,00%",24,0,216,0,"100,00%","0,0",,,,,,,"112,82",23,,,33,,,15,,,27,0,"0,0",0,0,28,0,,,0,"14,00",12,"0,00",20,-1,30,105,"437,50%","106,00","107,00","4,42"
,10,10/01/2025,vendredi,"279,57",0,230,,,"28,66","11,68","16,18","100,00%",24,0,240,0,"100,00%","0,0",,,,"3,00","35,90",,"112,90",29,,25,57,,,14,,,27,0,"0,0",0,0,38,0,,,0,"14,00",14,"0,00",23,3,30,106,"443,33%","93,50","93,00","3,90"
,11,11/01/2025,samedi,"101,02",0,230,,,,,,"100,00%",24,0,264,0,"100,00%","0,0",,,,,,,,35,,,54,,,14,,,26,0,"0,0",0,0,30,0,,,0,"13,00",16,"0,00",25,2,30,129,"535,83%","100,40","100,00","4,18"
,12,12/01/2025,dimanche,"2,64",0,230,,,,,,"100,00%",24,0,288,0,"100,00%","0,0",,,,,,,,40,,,52,,,14,,,26,0,"0,0",0,0,"31,1",0,,,0,"19,00",15,"0,00",26,1,29,132,"550,00%","100,30","102,00","4,18"
,13,13/01/2025,lundi,"327,88",0,230,"13,60",,"19,24","11,28","7,28","100,00%",24,0,312,0,"100,00%","0,0",,,"25,50",,,,,18,,,50,,,14,,,26,5,"5,0",0,10,"38,9",0,,,0,"20,00",16,"0,00",29,3,31,122,"507,50%","111,90","111,00","4,66"
,14,14/01/2025,mardi,"385,76",0,230,,,"19,22","7,48",,"100,00%",24,0,336,0,"100,00%","0,0",,,,,"10,36",,"130,24",25,,,48,,,14,,,25,0,"0,0",0,0,"40,2",0,,,0,"20,00",19,"0,00",31,2,30,114,"475,42%","105,10","106,00","4,38"
,15,15/01/2025,mercredi,"309,56",0,230,,,,"7,24","13,22","100,00%",24,0,360,0,"100,00%","0,0",,,,,,,"84,08",31,,,47,,,14,,,25,0,"0,0",0,0,41,0,,,0,"18,00",16,"0,00",29,-2,30,97,"404,58%","98,80","99,00","4,12"
,16,16/01/2025,jeudi,"297,28",0,230,,,"26,30","7,10",,"100,00%",24,0,384,0,"100,00%","0,0",,,,,,,,36,,,45,,,14,,,25,0,"0,0",0,0,40,0,,,0,"18,00",17,"0,00",27,-2,29,110,"458,33%","104,00","99,00","4,33"
,17,17/01/2025,vendredi,"405,48",0,230,,,,"9,70","7,48","100,00%",24,0,408,0,"100,00%","0,0",,,,,,,,42,,,43,,,14,,,24,0,"0,0",0,0,42,0,,,0,"20,00",19,"0,00",29,2,30,127,"528,33%","118,60","122,40","4,94"
,18,18/01/2025,samedi,"21,46",0,230,,,,,,"100,00%",24,0,432,0,"100,00%","0,0",,,,,,,,47,,,41,,,14,,,24,0,,0,0,35,0,,,0,"16,00",16,"0,00",27,-2,30,126,"524,17%","105,10","106,30","4,38"
,19,19/01/2025,dimanche,"1,22",0,230,,,,,,"100,00%",24,0,456,0,"100,00%","0,0",,,,,,,,52,,,39,,,14,,,24,0,"0,0",0,0,"33,0",0,,,0,"18,00",15,"0,00",26,-1,31,124,"517,50%","106,20","107,60","4,43"
,20,20/01/2025,lundi,"355,70",0,230,"12,34",,,"10,00","8,08","100,00%",24,0,480,0,"100,00%","0,0",,,"25,92",,"15,54",,,30,,,37,,,14,,,23,0,"0,0",0,0,"33,2",0,,,0,"17,00",16,"0,00",26,0,30,115,"480,83%","108,10","106,70","4,50"
,21,21/01/2025,mardi,"323,90",0,230,,,,"6,48","12,94","100,00%",24,0,504,0,"100,00%","0,0",,,,,"17,26",,"81,12",36,,29,63,,,14,,,23,27,"39,0",0,66,"37,0",0,,,0,"15,00",14,"0,00",26,0,30,108,"450,42%","109,60","111,40","4,57"
,22,22/01/2025,mercredi,"216,56",0,230,,,,"7,26",,"100,00%",24,0,528,0,"100,00%","0,0",,,,,,,"80,80",42,,,62,,,14,,,23,9,"8,0",0,17,49,0,,,0,"18,00",15,"0,00",25,-1,30,83,"345,83%","102,60","103,40","4,28"
,23,23/01/2025,jeudi,"209,96",0,230,,,,"7,06","14,92","100,00%",24,0,552,0,"100,00%","0,0",,,,,"17,18",,,48,,,60,,,14,,,23,0,"0,0",0,0,48,0,,,0,"17,00",15,"0,00",29,4,30,89,"371,67%","110,20","110,70","4,59"
,24,24/01/2025,vendredi,"233,02",0,230,"11,24",,,"10,08","8,30","100,00%",24,0,576,0,"100,00%","0,0",,,"25,14",,,,,27,,,58,,,14,,,22,0,"0,0",0,0,40,0,,,,"19,00",,"0,00",27,-2,30,87,"362,50%","126,70","126,50","5,28"
,25,25/01/2025,samedi,"43,50",0,230,,,,,,"100,00%",24,0,600,0,"100,00%","0,0",,,,,,,,33,,,56,,,13,,,22,0,"0,0",0,0,,,,,,,25,"0,00",,-27,31,83,"343,75%","131,40","132,00","5,48"
,26,26/01/2025,dimanche,"0,80",0,230,,,,,,"100,00%",24,0,624,0,"100,00%","0,0",,,,,,,,39,,,54,,,13,,,22,0,"0,0",0,0,,,,,,"29,00",10,"0,00",,0,31,88,"366,67%","114,90","115,00","4,79"
,27,27/01/2025,lundi,"375,13",0,230,"13,74",,,"13,70","14,58","100,00%",24,0,648,0,"100,00%","0,0",,,"25,62",,,,"110,82",18,,,52,,,13,,,22,0,"0,0",0,0,"82,2",0,,,0,"17,00",17,"0,00",65,65,30,63,"262,92%","99,90","100,60","4,16"
,28,28/01/2025,mardi,"312,30",0,230,,,,"7,16","6,98","100,00%",24,0,672,0,"100,00%","0,0",,,,,"8,60",,"161,14",23,,,48,,,13,,,21,0,"0,0",0,0,"28,8",0,,,0,"14,00",17,"0,00",24,-41,30,80,"333,33%","117,80","118,70","4,91"
,29,29/01/2025,mercredi,"280,44",0,230,,,"20,14","7,70","13,62","100,00%",24,0,696,0,"100,00%","0,0",,,,,"20,58",,"163,68",30,,,48,,,13,,,21,0,"0,0",0,0,45,0,,,0,"19,00",8,"0,00",26,2,30,54,"224,58%","111,70","113,70","4,65"
,30,30/01/2025,jeudi,"242,26",0,230,,,,"6,66",,"100,00%",24,0,720,0,"100,00%","0,0",,,,,"11,20",,"112,48",37,,,45,,,13,,,21,0,"0,0",0,0,38,0,,,0,"16,00",14,"0,00",27,1,30,141,"585,83%","99,10","98,00","4,13"
,31,31/01/2025,vendredi,"242,64",0,230,"12,52",,,"10,98","16,80","100,00%",24,0,744,0,"100,00%","0,0",,,"25,88",,,,"85,04",15,,,43,,,13,,,21,0,"0,0",0,0,38,0,,,0,"17,00",13,"0,00",25,-2,30,118,"493,33%","115,10","115,00","4,80"
février 2025,1,01/02/2025,samedi,"54,00",0,230,,,,,,"100,00%",24,0,24,0,"100,00%","0,0",,,,,,,,22,,,40,,,13,,,21,0,"0,0",0,0,"31,0",0,,,0,"15,00",13,"0,00",21,-4,31,120,"500,00%","113,00","111,00","4,71"
,2,02/02/2025,dimanche,"0,72",0,230,,,,,,"100,00%",24,0,48,0,"100,00%","0,0",,,,,,,,29,,,37,,,13,,,20,0,"0,0",0,0,"33,0",0,,,0,"16,00",15,"0,00",29,8,31,124,"516,67%","108,00","109,00","4,50"
,3,03/02/2025,lundi,"413,06",0,230,,,,"11,56","7,44","100,00%",24,0,72,0,"100,00%","0,0",,,,,,,,34,,,35,,,13,,,20,0,"0,0",73,73,"24,0",0,,,0,"14,00",11,"0,00",20,-9,28,111,"463,33%","78,70","81,00","3,28"
,4,04/02/2025,mardi,"441,04",0,230,"13,44",,,"7,26",8,"100,00%",24,0,96,0,"100,00%","0,0",,,"25,76",,,,,11,,21,53,,,13,,,20,,,180,180,"24,0",0,,,0,"14,00",13,"0,00",21,1,27,116,"483,75%","89,10","89,00","3,71"
,5,05/02/2025,mercredi,"306,48",0,230,,,,"8,02","5,76","100,00%",24,0,120,0,"100,00%","0,0",,,,,"22,40",,,17,,,51,,,13,,,19,0,"0,0",298,298,46,0,,,0,"19,00",14,"0,00",28,7,27,132,"551,67%","94,80","95,40","3,95"
,6,06/02/2025,jeudi,"379,94",0,144,,,,"7,54","8,66","100,00%",24,0,144,0,"100,00%","0,0",,,,,"16,42",,,22,,,49,,,13,,,19,0,"0,0",230,230,33,0,,,0,"16,00",13,"0,00",24,-4,27,110,"456,25%","94,50","94,90","3,94"
,7,07/02/2025,vendredi,"365,78",0,144,"9,04",,,"10,18","7,86","100,00%",24,0,168,0,"100,00%","0,0",,,"24,62",,,,,0,,,47,,,13,,,19,0,"0,0",114,114,26,0,,,0,"12,00",10,"0,00",23,-1,26,93,"386,67%","89,90","88,70","3,75"
,8,08/02/2025,samedi,"161,01",0,144,,,,,,"100,00%",24,0,192,0,"100,00%","0,0",,,,,,,,7,,,45,,,13,,,19,42,"56,0",173,271,,,,,0,"12,00",14,"0,00",,-23,26,102,"425,00%","106,00","107,00","4,42"
,9,09/02/2025,dimanche,"0,74",0,144,,,,,,"100,00%",24,0,216,0,"100,00%","0,0",,,,,,,,13,,,42,,,13,,,19,0,"0,0",0,0,"55,0",0,,,0,"18,00",14,"0,00",44,44,28,71,"295,83%","82,00","82,00","3,42"
,10,10/02/2025,lundi,"491,54",0,144,,,,"11,28","14,84","100,00%",24,0,240,0,"100,00%","0,0",,,,,,"4,00","110,16",18,,,40,,,13,,,19,0,"0,0",0,0,"34,0",0,,,0,"18,00",12,"0,00",26,-18,27,82,"341,67%","114,00","115,00","4,75"
,11,11/02/2025,mardi,"291,44",0,144,,,,"6,74",,"100,00%",24,0,264,0,"100,00%","0,0",,,,,"6,64","4,00","115,36",22,,,38,,,13,,,19,0,"0,0",0,0,"31,0",0,,,0,"15,00",12,"0,00",23,-3,23,54,"225,00%","81,00","81,00","3,38"
,12,12/02/2025,mercredi,"223,90",0,144,,,,"6,26","11,16","100,00%",24,0,288,0,"100,00%","0,0",,,"21,22",,,"4,00","170,48",3,,,36,,,12,,,19,1,"0,0",0,1,29,0,,,0,"11,00",10,"0,00",17,-6,22,43,"179,58%","81,00","82,00","3,38"
,13,13/02/2025,jeudi,"131,10",0,144,,,"24,02","6,10","7,68","100,00%",24,0,312,0,"100,00%","0,0",,,,,"13,52","4,00","110,54",8,,26,60,,,12,,,18,0,"0,0",0,0,36,0,,,0,"17,00",14,"0,00",27,10,26,55,"228,75%","80,70","80,00","3,36"
,14,14/02/2025,vendredi,"204,44",0,216,"11,04",,,"9,08",,"100,00%",24,0,336,0,"100,00%","0,0",,,,,"43,84","4,00","86,20",13,,,57,,,12,,,18,0,"0,0",0,0,33,0,,,0,"14,00",12,"0,00",22,-5,26,55,"229,58%","105,30","106,00","4,39"
,15,15/02/2025,samedi,"20,30",0,216,,,,,,"100,00%",24,0,360,0,"100,00%","0,0",,,,,,,,20,,,54,,,12,,,18,0,"0,0",0,0,33,0,,,0,"17,00",14,"0,00",27,5,30,50,"210,00%","118,60","119,00","4,94"
,16,16/02/2025,dimanche,"0,76",0,207,,,,,,"98,54%",23,39,383,39,"99,91%","0,4","ASL sur perte tirage dépréssion four (trémie vide pas de ""trémie vide"") en supervision",,,,,,,26,,,52,,,12,,,18,0,"0,0",0,0,"30,7",0,,,0,"17,00",14,"0,00",26,-1,29,"50,0","211,42%","116,00","116,00","4,83"
,17,17/02/2025,lundi,"227,26",0,216,"12,86",,"19,94","9,60","15,30","100,00%",24,0,407,39,"99,91%","0,0",,,,,,,"28,08",31,,,50,,,12,,,17,7,"3,0",0,10,"38,6",0,,,0,"14,00",12,"0,00",22,-4,29,48,"198,33%","110,50","112,00","4,60"
,18,18/02/2025,mardi,"249,28",0,144,,,,"6,36",7,"77,57%",18,37,426,16,"98,67%","5,4",Débourrage Caisson sous rouleau 1,,,"1,00","9,34",,"52,18",38,,,48,,,12,,,17,805,"1159,0",0,1 964,"30,0",0,,,0,"16,00",13,"0,00",23,1,26,49,"263,74%","100,30","100,00","4,18"
,19,19/02/2025,mercredi,"217,68",0,230,,,,"7,56","11,74","100,00%",24,0,450,16,"98,74%","0,0",,,"24,72",,,,,18,,,44,,,12,,,17,0,"0,0",0,0,41,0,,,0,"19,00",14,"0,00",30,7,31,53,"220,00%","140,60","139,00","5,86"
,20,20/02/2025,jeudi,"201,48",0,230,"12,36",,,"6,34","6,36","100,00%",24,0,474,16,"98,81%","0,0",,,,"1,00","11,44",,,24,,,41,,,12,,,17,0,"0,0",0,0,40,0,,,0,"20,00",16,"0,00",30,0,29,53,"220,83%","114,00","116,00","4,75"
,21,21/02/2025,vendredi,"230,60",0,230,,,,"9,48",,"100,00%",24,0,498,16,"98,86%","0,0",,,,,,,,32,,,38,,,12,,,17,0,"0,0",0,0,41,0,,,0,"15,00",17,"0,00",26,-4,29,51,"212,08%","106,50","109,00","4,44"
,22,22/02/2025,samedi,"33,00",0,230,,,,,,"100,00%",24,0,522,16,"98,91%","0,0",,,,,,,,38,,,34,,,12,,,17,0,"0,0",0,0,42,0,,,0,"22,00",17,"0,00",34,8,29,46,"191,25%","116,40","116,00","4,85"
,23,23/02/2025,dimanche,"0,66",0,230,,,,,,"100,00%",24,0,546,16,"98,96%","0,0",,,,,,,,44,,,31,,,12,,,16,0,"0,0",0,0,"38,0",0,,,0,"19,00",16,"0,00",29,-5,29,64,"267,08%","113,60","114,00","4,73"
,24,24/02/2025,lundi,"365,36",0,230,,,,"11,02","7,02","100,00%",24,0,570,16,"99,00%","0,0",,,"25,04",,,,,23,,29,56,,,12,,,16,0,"0,0",0,0,"40,0",0,,,0,"20,00",16,"0,00",30,1,29,60,"250,42%","122,20","122,00","5,09"
,25,25/02/2025,mardi,"322,98",0,230,,,20,"6,94",14,"100,00%",24,0,594,16,"99,04%","0,0",,,,"1,00","16,78",,"112,94",29,,,53,,,12,,,16,0,"0,0",0,0,"28,0",0,,,0,"17,00",13,"0,00",26,-4,29,55,"229,17%","110,10","110,00","4,59"
,26,26/02/2025,mercredi,"260,92",0,230,,,,"7,08","14,34","100,00%",24,0,618,16,"99,08%","0,0",,,,,,,"87,46",36,,,50,,,12,,,16,0,"0,0",0,0,29,0,,,0,"12,00",12,"0,00",18,-8,28,48,"200,83%","90,80","100,00","3,78"
,27,27/02/2025,jeudi,"176,08",0,230,"11,82",,,"6,50","8,00","100,00%",24,0,642,16,"99,12%","0,0",,,"22,66","1,00","8,54",,"174,84",17,,,48,,,11,,,15,452,"622,0",0,1 074,34,0,,,0,"13,00",9,"0,00",21,3,26,54,"222,92%","105,60","97,00","4,40"
,28,28/02/2025,vendredi,"272,10",0,230,,,,"9,70",,"100,00%",24,0,666,16,"99,15%","0,0",,,,,,,"168,68",24,,,44,,,11,,,15,144,"0,0",0,144,29,0,,,0,"16,00",16,"0,00",24,3,28,55,"230,83%","111,20","113,00","4,63"
mars 2025,1,01/03/2025,samedi,"111,06",0,230,,,,,,"100,00%",24,0,24,0,"100,0%","0,0",,,,,,,,30,,,40,,,11,,,15,0,"0,0",0,0,"39,7",0,,,0,"17,00",14,"0,00",26,2,29,60,"249,17%","124,30","124,10","5,18"
,2,02/03/2025,dimanche,"0,64",0,230,,,,,,"100,00%",24,0,48,0,"100,0%","0,0",,,,,,,,36,,,37,,,11,,,15,0,"0,0",0,0,"34,0",0,,,0,"15,00",12,"0,00",24,-2,29,54,"222,92%","114,40","114,70","4,77"
,3,03/03/2025,lundi,"354,08",0,192,"11,74",,,"11,34",7,"100,00%",24,0,72,0,"100,0%","0,0",,,"24,54",,"9,36",,"83,64",15,,,34,,,11,,,15,0,"0,0",0,0,"27,2",0,,,0,"17,00",14,"0,00",27,3,25,54,"225,83%","97,10","96,20","4,05"
,4,04/03/2025,mardi,"301,90",0,192,,,,"7,30","15,00","100,00%",24,0,96,0,"100,0%","0,0",,,,,"9,42",,"53,76",20,,,31,,,11,,,14,0,"0,0",0,0,"29,0",0,,,0,"14,00",12,"0,00",22,-5,25,56,"235,00%","98,10","98,00","4,09"
,5,05/03/2025,mercredi,"241,16",0,192,,,,"8,22","6,26","100,00%",24,0,120,0,"100,0%","0,0",,,,,"10,64",,,24,,,29,,,11,,,14,0,"1,0",0,1,32,0,,,0,"14,00",12,"0,00",20,-2,25,48,"200,00%","87,30","89,00","3,64"
,6,06/03/2025,jeudi,"217,34",0,192,,,,"7,06",,"100,00%",24,0,144,0,"100,0%","0,0",,,"24,62",,,,"27,38",4,,29,55,,,11,,,14,0,"0,0",0,0,43,0,,,0,"16,00",16,"0,00",26,6,26,53,"220,83%","97,40","97,00","4,06"
,7,07/03/2025,vendredi,"237,86",0,192,"12,16",,,"10,60","7,52","100,00%",24,0,168,0,"100,0%","0,0",,,,,,,"23,34",10,,,52,,,11,,,14,0,"0,0",0,0,35,0,,,0,"19,00",15,"0,00",30,4,31,86,"356,25%","111,10","112,00","4,63"
,8,08/03/2025,samedi,"86,02",0,230,,,,,,"100,00%",24,0,192,0,"100,0%","0,0",,,,,,,,18,,,47,,,11,,,14,,,,0,"36,0",0,,,0,"20,00",15,"0,00",29,-1,31,90,"375,83%","112,00","112,00","4,67"
,9,09/03/2025,dimanche,"1,08",0,230,,,,,,"100,00%",24,0,216,0,"100,0%","0,0",,,,,,,,26,,,43,,,11,,,14,0,"0,0",0,0,"30,0",0,,,0,"18,00",17,"0,00",28,-1,31,111,"461,67%","115,20","116,00","4,80"
,10,10/03/2025,lundi,"420,10",0,230,,,,"10,56",15,"100,00%",24,0,240,0,"100,0%","0,0",,,"19,80",,,,,10,,,39,,,11,,,14,0,"5,0",0,5,"66,5",0,,,0,"21,00",18,"0,00",33,5,30,103,"428,33%","124,60","125,20","5,19"
,11,11/03/2025,mardi,"416,88",0,202,,,,"7,00",,"90,83%",21,48,261,48,"99,2%","2,2",Inspection des 6 caissons sous rouleaux,,,,"17,62",,,15,,,37,,,10,,,13,374,"494,0",0,868,"39,9",0,,,0,"20,00",17,"0,00",32,-1,28,70,"322,48%","103,90","104,40","4,33"
,12,12/03/2025,mercredi,"265,96",0,230,,,,"4,70","8,02","100,00%",24,0,285,48,"99,2%","0,0",,,,,,,,22,,,34,,,10,,,13,0,"0,0",0,0,41,0,,,0,"17,00",14,"0,00",28,-4,31,75,"314,17%","103,80","104,20","4,33"
,13,13/03/2025,jeudi,"273,84",0,230,,,,"6,24","7,08","100,00%",24,0,309,48,"99,3%","0,0",,,,,"13,46",,,29,,,31,,,10,,,13,0,"0,0",0,0,36,0,,,0,"17,00",15,"0,00",26,-2,31,90,"376,25%","126,40","127,20","5,27"
,14,14/03/2025,vendredi,"271,94",0,230,"12,88",,,"9,36","12,96","100,00%",24,0,333,48,"99,3%","0,0",,,"21,18",,,,,13,,,28,,,10,,,16,0,"0,0",0,0,51,0,,,0,"26,00",21,"0,00",39,13,31,104,"432,08%","126,00","125,00","5,25"
,15,15/03/2025,samedi,"102,32",0,230,,,,,,"100,00%",24,0,357,48,"99,4%","0,0",,,,,,,,17,,,25,,,10,,,16,0,"0,0",0,0,"43,0",0,,,0,"20,00",15,"0,00",32,-7,31,96,"400,00%","111,00","110,00","4,63"
,16,16/03/2025,dimanche,"0,66",0,230,,,,,,"100,00%",24,0,381,48,"99,4%","0,0",,,,,,,,17,,,21,,,10,,,15,17,"1,0",0,18,"24,0",0,,,0,"14,00",14,"0,00",20,-12,31,99,"412,50%","118,00","117,00","4,92"
,17,17/03/2025,lundi,"338,20",0,216,,,,"10,22",7,"100,00%",24,0,405,48,"99,5%","0,0",,,,,,,"106,36",19,,,47,,,10,,,15,0,"0,0",0,0,"35,0",0,,,0,"17,00",16,"0,00",29,9,30,100,"414,58%","96,20","101,00","4,01"
,18,18/03/2025,mardi,"336,30",0,216,"11,96",,"21,54","6,98","6,34","100,00%",24,0,429,48,"99,5%","0,0",,,,,"9,58",,"138,78",19,,,43,,,10,,,15,0,"0,0",0,0,"29,0",0,,,0,"17,00",15,"0,00",25,-4,31,64,"267,50%","121,90","123,00","5,08"
,19,19/03/2025,mercredi,"275,06",0,216,,,,"6,54","5,90","100,00%",24,0,453,48,"99,5%","0,0",,,,,,,"141,12",19,,,40,,,10,,,15,0,"0,0",0,0,44,0,,,0,"17,00",17,"0,00",26,1,30,72,"298,75%","127,70","127,10","5,32"
,20,20/03/2025,jeudi,"259,85",0,216,,,,"6,72","14,18","100,00%",24,0,477,48,"99,5%","0,0",,,,,"15,64",,"138,02",19,,,36,,,10,,,15,0,"0,0",0,0,40,0,,,0,"19,00",13,"0,00",30,4,31,48,"201,25%","122,60","122,80","5,11"
,21,21/03/2025,vendredi,"302,42",0,216,,,,"9,88","13,98","100,00%",24,0,501,48,"99,6%","0,0",,,,,,,"83,62",21,,,34,,,10,,,14,0,"0,0",0,0,34,0,,,0,"20,00",14,"0,00",27,-3,31,32,"134,58%","115,60","113,10","4,82"
,22,22/03/2025,samedi,"157,32",0,230,,,,,,"100,00%",24,0,525,48,"99,6%","0,0",,,,,,,,27,,,31,,,10,,,14,0,"0,0",0,0,"39,0",0,,,0,"16,00",16,"0,00",29,2,31,42,"175,00%","123,00","125,00","5,13"
,23,23/03/2025,dimanche,"0,70",0,230,,,,,,"100,00%",24,0,549,48,"99,6%","0,0",,,,,,,,33,,,27,,,10,,,13,0,"0,0",0,0,"28,0",0,,,"0,002","14,00",15,"0,00",21,-8,31,50,"208,33%","128,00","128,00","5,33"
,24,24/03/2025,lundi,"378,00",0,230,"21,26",,19,"10,76",10,"100,00%",24,0,573,48,"99,6%","0,0",,,,,,,,39,,,24,,,9,,,13,1,"0,0",0,1,"37,0",0,,,0,"20,00",12,"0,00",30,9,31,53,"220,83%","138,00","140,00","5,75"
,25,25/03/2025,mardi,"376,88",0,221,,,,"6,74","6,68","96,39%",23,8,596,56,"99,5%","0,9",ASL sur Tirage (intervention maintenance sur extracteur),,,,"8,22",,,46,,25,46,,,9,,,13,59,"81,0",0,140,"37,0",0,,,0,"20,00",13,"0,00",31,1,29,53,"229,11%","115,00","116,00","4,79"
,26,26/03/2025,mercredi,"295,59",0,230,"13,12",,"28,74","6,96","12,02","100,00%",24,0,620,56,"99,5%","0,0",,,,,,,"55,38",51,,,43,,,9,,,13,104,"161,0",0,265,34,0,,,0,"14,00",11,"0,00",21,-10,30,43,"180,00%","103,00","103,00","4,29"
,27,27/03/2025,jeudi,"254,92",0,230,,,"18,88","6,38","7,00","100,00%",24,0,644,56,"99,5%","0,0",,"27,00","26,06",,"19,72",,"56,66",31,,,39,,,9,,,12,0,"0,0",0,0,32,0,,,0,"18,00",9,"0,00",28,7,31,65,"272,08%","136,00","139,00","5,67"
,28,28/03/2025,vendredi,"251,06",0,230,,,,"9,00","6,92","100,00%",24,0,668,56,"99,5%","0,0",,,,,,,"53,84",38,,,35,,,9,,,12,0,"0,0",0,0,36,0,,,0,"19,00",15,"0,00",30,2,30,56,"232,92%","111,00","119,00","4,63"
,29,29/03/2025,samedi,"73,12",0,216,,,,,,"100,00%",24,0,692,56,"99,6%","0,0",,,,,,,,45,,,31,,,9,,,12,0,"0,0",0,0,"35,5",0,,,0,"19,00",15,"0,00",29,-1,31,55,"228,33%","130,90","125,00","5,45"
,30,30/03/2025,dimanche,"0,96",0,216,,,,,,"100,00%",24,0,716,56,"99,6%","0,0",,,,,,,,51,,,28,,,9,,,12,0,"0,0",0,0,"27,4",0,,,0,"13,00",11,"0,00",23,-6,30,54,"226,25%","124,30","120,00","5,18"
,31,31/03/2025,lundi,"332,60",0,230,"14,18",,,"10,92",6,"100,00%",24,0,739,56,"99,6%","0,0",Changement d'heure ,"27,00","24,00",,,,"55,02",32,,,25,,,9,,,11,100,"140,0",0,240,"57,7",0,,,0,"21,00",14,"0,00",30,7,30,55,"227,08%","122,80","123,00","5,12"
avril 2025,1,01/04/2025,mardi,"345,32",0,230,,,,"7,06","11,06","100,00%",24,0,24,0,"100,0%","0,0",,,,,"17,32",,"24,28",39,,,21,,,9,,,11,0,"0,0",0,0,"34,0",0,,,0,"17,00",14,"0,00",27,-3,31,60,"250,00%","127,00","129,00","5,29"
,2,02/04/2025,mercredi,"286,02",0,230,,,,"6,66","11,14","100,00%",24,0,48,0,"100,0%","0,0",,,,,,,"80,20",45,,,17,,,9,,,11,0,"0,0",0,0,"39,0",0,,,0,"17,00",12,"0,00",26,-1,30,42,"175,00%","128,00","128,00","5,33"
,3,03/04/2025,jeudi,"256,52",0,230,,,,"6,92",,"100,00%",24,0,72,0,"100,0%","0,0",,"27,00","25,90",,,,,25,,29,42,,,9,,,11,1,"0,0",0,1,"37,0",0,,,0,"18,00",12,"0,00",29,3,30,44,"183,33%","121,00","120,00","5,04"
,4,04/04/2025,vendredi,"279,18",0,230,"11,30",,,"9,94",,"100,00%",24,0,96,0,"100,0%","0,0",,,,,,,"56,20",31,,,38,,,9,,,11,3,"4,0",0,7,"40,0",0,,,0,"15,00",16,"0,00",29,0,31,45,"187,50%","122,00","122,00","5,08"
,5,05/04/2025,samedi,"81,12",0,154,,,,,,"94,79%",22,45,118,45,"99,0%","1,3",ASL sur température haute vapeur entrée surchauffeurs (TT12053) + Moto-réducteur 2 hors service,,,,,,,38,,,35,,,9,,,10,0,"1,0",0,1,35,2,,,4,"22,00",15,"0,00",27,-2,28,19,"83,52%","107,00","111,00","4,46"
,6,06/04/2025,dimanche,"1,22",0,192,,,,,,"100,00%",24,0,142,45,"99,1%","0,0",,,,,,,,46,,,29,,,9,,,10,390,"624,0",0,1 014,41,11,,,15,"18,00",13,"0,00",29,2,31,29,"122,08%","125,80","125,00","5,24"
,7,07/04/2025,lundi,"403,88",0,230,,,19,"11,18","11,16","100,00%",24,0,166,45,"99,3%","0,0",,"27,00","9,02",,"16,34",,"59,36",42,,,25,,,9,,,10,17,"23,0",0,40,38,12,,,7,"20,00",12,"0,00",30,1,30,39,"163,33%","129,50","129,00","5,40"
,8,08/04/2025,mardi,"307,52",0,168,,,,"7,16","9,96","100,00%",24,0,190,45,"99,3%","0,0",,,,,"15,98",,"54,00",48,,,22,,,8,,,10,513,"742,0",0,1 255,"45,4",0,,,"2,336","20,00",13,"0,00",32,2,28,35,"145,00%","118,50","119,00","4,94"
,9,09/04/2025,mercredi,"261,64",0,211,,,,"7,78","12,48","91,67%",22,0,212,45,"98,5%","2,0",Phase Arrêt pour Maintenance Trémie + Convoyeur,"27,00","25,86",,,,"56,38",,,,,,,,,,,178,"260,0",0,438,,,,,,,,,,-32,26,,"0,00%",,,"0,00"
,10,10/04/2025,jeudi,"146,52",0,0,,,,"6,84",4,"0,00%",0,0,212,45,"88,6%","24,0",Arrêt pour Maintenance Trémie + Convoyeur,,,,"5,28",,"53,64",26,,26,46,,,8,,,9,453,"644,0",0,1 097,,,,,"0,047",,44,"0,00",,0,1,21,"0,00%","90,70","91,70","3,78"
,11,11/04/2025,vendredi,"186,00",0,0,"13,98",,,"10,06","10,50","0,00%",0,0,212,45,"80,6%","24,0",Arrêt pour Maintenance Trémie + Convoyeur,,,,,,"57,10",,,,,,,,,,,,,,0,,,,,,,,,,0,1,,"0,00%",,,"0,00"
,12,12/04/2025,samedi,"35,96",0,86,,,,,,"37,92%",9,6,221,51,"77,0%","14,9",Redémarrage de ligne suite à l'arrêt,,,,,,,27,,,45,,,8,,,9,,,,0,303,8,,,6,"160,00",66,"0,00",244,244,16,22,"239,56%","14,80","15,00","0,62"
,13,13/04/2025,dimanche,"0,92",0,230,,,,,,"100,00%",24,0,245,51,"78,8%","0,0",,,,,,,,33,,,41,,,8,,,9,2 504,"2882,0",0,5 386,69,0,,,0,"42,00",29,"0,00",63,-181,28,75,"311,25%","104,00","103,90","4,33"
,14,14/04/2025,lundi,"251,70",0,230,,,,"11,44","8,96","100,00%",24,0,269,51,"80,3%","0,0",,,"23,90",,,,,13,,,38,,,8,,,9,,,,0,46,0,,,0,"26,00",23,"0,00",39,-24,31,71,"297,08%","120,70","121,40","5,03"
,15,15/04/2025,mardi,"283,58",0,230,"9,18",,,"6,92","10,48","100,00%",24,0,293,51,"81,6%","0,0",,,"14,70",,,,,20,,,34,,,8,,,8,,,,0,"42,0",0,,,"0,3","21,00",17,"0,00",33,-6,30,31,"127,50%","120,90","121,00","5,04"
,16,16/04/2025,mercredi,"187,32",0,230,,,,"7,48","11,94","100,00%",24,0,317,51,"82,8%","0,0",,,"21,96",,,,"54,78",1,,,31,,,8,,,8,43,"1,0",0,44,"43,0",4,,,"2,916","22,00",17,"0,00",33,0,30,40,"166,67%","117,80","118,00","4,91"
,17,17/04/2025,jeudi,"154,32",0,221,,,,"6,54",11,"97,92%",23,30,341,21,"83,7%","0,5",Fermeture Trémie (Test Pont nord EE),,,,"9,96",,,7,,,28,,,8,,,8,125,"152,0",0,277,"45,0",0,,,"0,229","22,00",19,"0,00",35,2,30,49,"207,23%","121,70","122,00","5,07"
,18,18/04/2025,vendredi,"168,30",0,230,,,,"9,94","4,06","100,00%",24,0,365,21,"84,6%","0,0",,,,,,,"56,64",13,,29,54,,,8,,,7,10,"11,0",0,21,"41,0",0,,,"0,255","22,00",19,"0,00",33,-2,29,47,"196,25%","109,70","110,00","4,57"
,19,19/04/2025,samedi,"23,66",0,221,,,,,,"96,53%",23,10,388,31,"85,2%","0,8",Black out sans ilotâge ,,,,,,,20,,,50,,,8,,,7,,,0,0,37,0,,,0,"19,00",15,"0,00",29,-4,30,38,"164,46%","117,80","118,00","4,91"
,20,20/04/2025,dimanche,"3,00",0,216,,,,,,"100,00%",24,0,412,31,"85,9%","0,0",,,,,,,,25,,,46,,,8,,,7,0,"0,0",0,0,55,0,,,0,"31,00",24,"0,00",44,15,31,53,"220,42%","116,20","117,00","4,84"
,21,21/04/2025,lundi,"208,46",0,216,,,,"8,76",,"100,00%",24,0,436,31,"86,6%","0,0",,,,,,,,32,,,43,,,8,,,6,0,"0,0",0,0,47,0,,,0,"23,00",21,"5,00",36,-8,31,53,"220,00%","140,30","140,80","5,85"
,22,22/04/2025,mardi,"236,88",0,216,,,,"6,24","5,16","100,00%",24,0,460,31,"87,2%","0,0",,,"13,10",,"9,22",,"55,63",37,,,40,,,8,,,6,0,"0,0",0,0,"41,1",0,,,0,"22,00",20,"0,00",34,-2,27,42,"175,83%","104,70","104,80","4,36"
,23,23/04/2025,mercredi,"216,76",0,230,,,,"7,10","12,32","100,00%",24,0,484,31,"87,8%","0,0",,,"23,24",,,,"138,74",19,,,36,,,8,,,6,75,"101,0",0,176,"39,2",0,,,"0,101","20,00",15,"0,00",33,-1,30,36,"149,17%","111,20","111,40","4,63"
,24,24/04/2025,jeudi,"139,84",0,230,,,22,"6,68",13,"100,00%",24,0,508,31,"88,3%","0,0",,,,,"11,74",,"142,86",25,,,34,,,8,,,6,88,"121,0",0,209,"53,0",0,,,0,"19,00",18,"0,00",29,-4,29,38,"156,25%","117,60","118,00","4,90"
,25,25/04/2025,vendredi,"188,16",0,230,"13,66",,"27,08","9,54","12,86","100,00%",24,0,532,31,"88,8%","0,0",,,,,,,"111,52",32,,,30,,,8,,,5,0,"0,0",0,0,"43,0",0,,,0,"23,00",19,"0,00",35,6,31,45,"189,17%","137,10","139,00","5,71"
,26,26/04/2025,samedi,"34,28",0,230,,,,,,"100,00%",24,0,556,31,"89,2%","0,0",,,,,,,,38,,,25,,,7,,,5,0,"0,0",0,0,34,0,,,0,"20,00",17,"0,00",30,-5,30,36,"150,00%","132,00","131,00","5,50"
,27,27/04/2025,dimanche,"0,94",0,230,,,,,,"100,00%",24,0,580,31,"89,6%","0,0",,,,,,,,45,,,22,,,7,,,5,0,"0,0",0,0,38,0,,,0,"19,00",15,"0,00",28,-2,30,33,"137,50%","121,00","122,00","5,04"
,28,28/04/2025,lundi,"388,38",0,206,,,,"13,74","6,28","100,00%",24,0,604,31,"90,0%","0,0",,,"22,00",,,,"142,56",25,,,19,,,7,,,5,,,,0,35,0,,,0,"18,00",13,"0,00",29,1,28,24,"99,17%","100,10","99,00","4,17"
,29,29/04/2025,mardi,"321,96",0,206,,,,"8,30","7,40","100,00%",24,0,628,31,"90,3%","0,0",,,,,,,"143,86",31,,29,45,,,7,,,4,0,"0,0",304,304,"30,0",0,,,"0,026","18,00",17,"0,00",27,-2,27,24,"100,00%","117,30","118,00","4,89"
,30,30/04/2025,mercredi,"332,84",0,206,"14,88",,,"9,12","13,04","100,00%",24,0,652,31,"90,6%","0,0",,,,,"9,62",,"78,48",37,,,42,,,7,,,4,15,"22,0",163,200,"71,9",0,,,0,"23,00",22,"0,00",34,7,27,7,"29,58%","119,20","120,30","4,97"
mai 2025,1,01/05/2025,jeudi,"19,86",0,206,,,,,,"100,00%",24,0,24,0,"100,0%","0,0",,,,,,,,42,,,39,,,7,,,4,5,"7,0",284,296,"31,8",0,,,0,"18,00",16,"0,00",25,-9,27,36,"147,92%","109,60","109,60","4,57"
,2,02/05/2025,vendredi,"294,14",0,230,,,,"10,78","6,70","100,00%",24,0,48,0,"100,0%","0,0",,,"24,14",,,,,22,,,36,,,7,,20,27,0,"0,0",304,304,"46,3",1,,,0,"24,00",18,"0,00",38,13,28,46,"190,00%","123,80","116,10","5,16"
,3,03/05/2025,samedi,"141,96",0,198,,,,,,"94,24%",22,37,70,37,"98,1%","1,4",Problème combustion,,,,,,,28,,,32,,,7,,,26,0,"0,0",0,0,"34,0",0,,,"4,449","17,00",16,"0,00",26,-12,30,37,"163,60%","104,00","113,00","4,33"
,4,04/05/2025,dimanche,"1,30",0,189,,,,,,"88,06%",21,8,91,45,"95,6%","2,9",Problème combustion,,,,,,,33,,,28,,,7,,,26,384,"1029,0",0,1 413,"57,0",4,,,0,"18,00",17,"0,00",28,2,28,65,"307,57%","112,00","109,00","4,67"
,5,05/05/2025,lundi,"492,94",0,96,,,,"11,20","4,30","67,08%",16,6,107,51,"89,9%","7,9",Explosion chaudière ONLINECLEANING + Débourrage Caisson 1,,"22,70",,"15,04",,,15,,,26,,,7,,,26,653,"1666,0",0,2 319,40,0,,,1,"21,00",16,"0,00",30,2,25,83,"515,53%","86,00","89,00","3,58"
,6,06/05/2025,mardi,"388,42",0,230,,,,"7,12","5,66","100,00%",24,0,131,51,"91,6%","0,0",,,,,,,"50,58",20,,,22,,,7,,,26,0,"0,0",0,0,33,0,,,0,"15,00",14,"0,00",25,-5,31,95,"395,83%","115,00","114,00","4,79"
,7,07/05/2025,mercredi,"303,66",0,230,,,,"5,40","5,90","100,00%",24,0,155,51,"92,8%","0,0",,,,,,,,27,,,19,,,7,,,25,0,"0,0",0,0,35,0,,,0,"20,00",15,"0,00",31,6,31,92,"383,33%","96,00","109,00","4,00"
,8,08/05/2025,jeudi,"221,46",0,230,,,,"9,94",,"100,00%",24,0,179,51,"93,7%","0,0",,,,,,,,33,,,16,,,7,,,25,0,"0,0",0,0,"24,0",0,,,0,"14,00",19,"0,00",21,-10,31,24,"100,00%","122,80","123,00","5,12"
,9,09/05/2025,vendredi,"244,56",0,147,"14,82",,,"10,64","8,10","91,04%",21,51,201,42,"93,4%","2,2",Panne moteur câble élec PONT SUD + PONT NORD indisponible,,"38,16",,"16,64",,"55,78",13,,27,40,,,7,,,25,,,,0,"45,9",0,,,0,"19,00",18,"0,00",31,10,29,22,"98,86%","136,60","131,90","5,69"
,10,10/05/2025,samedi,"26,40",0,230,,,,,,"100,00%",24,0,225,42,"94,0%","0,0",,,,,,,,19,,,36,,,6,,,25,199,"599,0",0,798,"32,3",0,,,"0,0","17,00",15,"0,00",24,-7,31,37,"153,33%","131,20","128,30","5,47"
,11,11/05/2025,dimanche,"0,58",0,230,,,,,,"100,00%",24,0,249,42,"94,6%","0,0",,,,,,,,26,,,32,,,6,,,24,0,"0,0",0,0,"43,8",0,,,"0,051","18,00",16,"0,00",28,4,31,35,"146,25%","123,42","120,60","5,14"
,12,12/05/2025,lundi,"433,44",0,221,,,,"11,28",,"98,06%",23,32,273,14,"94,9%","0,5",Black out sans ilotâge ,,"22,12",,,,,8,,,30,,,6,,,24,0,"0,0",0,0,45,0,,,0,"23,00",23,"0,00",,-28,29,35,"146,60%","108,98","110,20","4,54"
,13,13/05/2025,mardi,"359,52",0,230,,,,"7,54","20,26","100,00%",24,0,297,14,"95,3%","0,0",,,,,"10,62",,"87,08",14,,,25,,,6,,,24,0,"0,0",0,0,40,0,,,0,"17,00",14,"0,00",61,61,31,38,"158,33%","134,00","132,00","5,58"
,14,14/05/2025,mercredi,"302,94",0,230,"13,84",,,"7,50","21,48","100,00%",24,0,321,14,"95,6%","0,0",,,,,,,"112,24",22,,29,50,,,6,,,24,0,"0,0",0,0,40,0,,,0,"21,00",21,"0,00",31,-30,30,38,"158,33%","133,00","136,00","5,54"
,15,15/05/2025,jeudi,"236,70",0,230,,,30,"8,38","12,48","100,00%",24,0,345,14,"95,9%","0,0",,,"23,10",,"19,42",,"140,10",1,,,47,,,6,,,24,0,"0,0",0,0,"28,0",0,,,"0,026","14,00",13,"0,00",22,-9,28,36,"150,00%","110,00","111,00","4,58"
,16,16/05/2025,vendredi,"270,10",0,221,,,,"10,42","12,82","99,10%",23,47,369,1,"96,1%","0,2",Problème Combustion ,,,,,,"85,78",18,,,42,,,6,,,24,0,"0,0",0,0,"33,0",0,,,0,"17,00",21,"0,00",26,4,30,37,"156,41%","125,80","124,00","5,24"
,17,17/05/2025,samedi,"56,90",0,230,,,,,32,"100,00%",24,0,393,1,"96,3%","0,0",,,,,,,,17,,,38,,,6,,,23,0,"0,0",0,0,"28,0",0,,,0,"16,00",17,"0,00",27,1,31,30,"123,33%","107,90","110,00","4,50"
,18,18/05/2025,dimanche,"1,08",0,230,,,,,,"100,00%",24,0,417,1,"96,5%","0,0",,,,,,,,24,,,33,,,6,,,23,0,"0,0",0,0,"41,0",0,,,0,"22,00",18,"0,00",32,5,31,41,"168,75%","142,80","142,00","5,95"
,19,19/05/2025,lundi,"373,12",0,225,"11,94",,,"11,66","12,78","98,68%",23,41,440,42,"96,6%","0,3",ASL Tirage,,,,,,,32,,,29,,,6,,,23,0,"0,0",0,0,63,0,,,0,"20,00",18,"0,00",31,-1,29,36,"150,74%","107,70","108,00","4,49"
,20,20/05/2025,mardi,"320,16",0,235,,,,"7,02","5,02","100,00%",24,0,464,42,"96,8%","0,0",,,,,"22,36",,,38,,15,54,,,6,,,23,2,"0,0",0,2,39,0,,,0,"17,00",17,"0,00",26,-5,31,28,"115,83%","114,70","116,00","4,78"
,21,21/05/2025,mercredi,"256,52",0,216,,,20,"7,14","5,44","100,00%",24,0,488,42,"97,0%","0,0",Débourrage caisson 3 sous rouleau,,,,,,"163,74",44,,,51,,,6,,,23,123,"649,0",0,772,33,1,,,0,"14,00",16,"0,00",27,1,29,35,"146,67%","125,10","124,00","5,21"
,22,22/05/2025,jeudi,"155,38",0,216,,,,"7,10","6,14","100,00%",24,0,512,42,"97,1%","0,0",,,"24,88",,"10,04",,"140,80",23,,,49,,,6,,,22,0,"0,0",0,0,"44,3",0,,,0,"23,00",21,"0,00",28,1,31,35,"144,17%","128,60","129,30","5,36"
,23,23/05/2025,vendredi,"184,08",0,216,"13,20",,,"9,96","13,04","100,00%",24,0,536,42,"97,2%","0,0",,,,,,,"110,34",29,,,46,,,6,,,22,0,"0,0",0,0,"39,2",0,,,0,"20,00",19,"0,00",32,4,30,35,"145,00%","127,70","129,40","5,32"
,24,24/05/2025,samedi,"32,73",0,216,,,,,,"100,00%",24,0,560,42,"97,3%","0,0",,,,,,,,34,,,42,,,5,,,22,0,"0,0",0,0,"33,8",0,,,0,"16,00",17,"0,00",26,-6,31,34,"139,58%","128,40","129,10","5,35"
,25,25/05/2025,dimanche,"1,12",0,216,,,,,,"100,00%",24,0,584,42,"97,4%","0,0",,,,,,,,39,,,39,,,5,,,22,0,"0,0",0,0,"35,8",0,,,0,"20,00",19,"0,00",28,2,29,34,"140,83%","120,90","121,60","5,04"
,26,26/05/2025,lundi,"238,52",0,216,"18,16",,,"10,96","6,96","100,00%",24,0,608,42,"97,5%","0,0",,,"22,92",,"8,68",,"55,24",21,,,36,,,5,,,21,0,"0,0",0,0,44,0,,,0,"21,00",22,"0,00",36,8,31,36,"148,75%","120,00","120,60","5,00"
,27,27/05/2025,mardi,"219,60",0,216,,,,"5,72","12,34","100,00%",24,0,632,42,"97,6%","0,0",,,,,,,"83,98",27,,,32,,,5,,,21,0,"0,0",0,0,44,0,,,0,"17,00",20,"0,00",26,-10,30,33,"136,25%","119,90","121,00","5,00"
,28,28/05/2025,mercredi,"197,94",0,216,,,,"7,14","6,78","100,00%",24,0,656,42,"97,7%","0,0",,,,,"8,54",,"28,54",33,,,29,,,5,,,21,0,"0,0",0,0,44,0,,,0,"22,00",18,"0,00",33,7,30,36,"151,25%","129,30","127,00","5,39"
,29,29/05/2025,jeudi,"128,34",0,207,,,,"6,26",,"98,75%",23,42,680,24,"97,8%","0,3",Pertes EDF sans îlotage,,,,,,,39,,,26,,,5,,,21,0,"0,0",0,0,"41,0",0,,,0,"22,00",24,"0,00",34,1,30,32,"136,29%","113,00","115,00","4,71"
,30,30/05/2025,vendredi,"214,58",0,207,,,,"8,52","13,32","99,24%",23,49,704,13,"97,8%","0,2",ASL Four,,"23,38",,,,,,,29,,,,,,,,0,"7,0",0,7,"45,0",0,,,,"21,00",,,33,-1,30,,"0,00%",,,"0,00"
,31,31/05/2025,samedi,"82,68",0,216,,,,,,"100,00%",24,0,728,13,"97,9%","0,0",,,,,,,,25,,,47,,,5,,,21,0,"0,0",0,0,"43,0",0,,,0,"19,00",40,"0,00",32,-1,30,64,"268,33%","236,60","238,00","9,86"
juin 2025,1,01/06/2025,dimanche,"1,16",0,216,,,,,,"100,00%",24,0,24,0,"100,0%","0,0",,,,,,,,30,,,44,,,5,,,21,0,"0,0",0,0,"19,0",0,,,0,"17,00",20,"0,00",22,-10,30,29,"121,25%","114,10","115,00","4,75"
,2,02/06/2025,lundi,"243,18",0,207,"15,96",,,"12,00","7,24","98,47%",23,38,47,38,"99,2%","0,4",ASL Four,,,,,,"111,16",37,,,40,,,5,,,20,0,"0,0",0,0,"46,7",0,,,0,"26,00",27,"0,00",41,19,29,38,"158,67%","128,30","128,40","5,35"
,3,03/06/2025,mardi,"258,66",0,207,,,,"7,00",6,"98,82%",23,43,71,21,"99,1%","0,3",ASL (dépression four trés basse sur explosion) et perte turbine,,"23,38",,"22,04",,"82,50",17,,,37,,,5,,,20,0,"6,0",0,6,"52,5",0,,,0,"24,00",24,"0,00",39,-2,30,32,"135,77%","111,90","112,20","4,66"
,4,04/06/2025,mercredi,"260,84",0,216,,,"17,02","7,68","7,00","100,00%",24,0,95,21,"99,3%","0,0",,,,,,,"30,26",23,,,34,,,4,,,20,0,"1,0",0,1,"34,8",0,,,"0,914","19,00",28,"0,00",29,-10,30,29,"121,25%","107,80","108,80","4,49"
,5,05/06/2025,jeudi,"200,78",0,216,"16,60",,,"8,32","6,04","100,00%",24,0,119,21,"99,5%","0,0",,,"23,64",,"46,30",,"195,30",4,,,30,,,4,,,20,1,"37,0",0,38,41,2,,,0,"23,00",18,"0,00",35,6,30,36,"149,58%","128,60","129,60","5,36"
,6,06/06/2025,vendredi,"196,40",0,216,,,,"10,44","5,96","100,00%",24,0,143,21,"99,5%","0,0",,,,,,,"28,40",10,,,27,,,4,,,19,0,"1,0",0,1,39,0,,,1,"21,00",22,"0,00",32,-3,30,37,"154,58%","130,90","131,00","5,45"
,7,07/06/2025,samedi,"42,34",0,216,,,,,,"100,00%",24,0,167,21,"99,6%","0,0",,,,,,,,19,,,24,,,4,,,19,0,"0,0",0,0,14,0,,,0,"7,00",8,"0,00",12,-20,29,28,"116,67%","105,00","105,00","4,38"
,8,08/06/2025,dimanche,"1,26",0,144,,,,,,"68,75%",16,30,183,51,"95,8%","7,5",Mise à l'arrêt ligne ,,,,,,,,,,,,,,,,,0,"0,0",0,0,,,,,,,,,,-12,18,,"0,00%",,,"0,00"
,9,09/06/2025,lundi,"143,30",0,0,,,,"10,56","7,02","0,00%",0,0,183,51,"85,1%","24,0",ATP 2025,,,,,,,,,,,,,,,,,24,"32,0",0,56,,,,,,,,,,0,0,,"0,00%",,,"0,00"
,10,10/06/2025,mardi,"156,26",0,0,,,20,"6,58",15,"0,00%",0,0,183,51,"76,6%","24,0",ATP 2025,,,,,,,20,,,22,,,4,,,19,0,"0,0",0,0,"68,0",0,,,"0,127","46,00",39,"0,00",51,51,0,25,"0,00%","68,00","69,00","2,83"
,11,11/06/2025,mercredi,"126,00",0,0,,,,"6,72","6,00","0,00%",0,0,183,51,"69,6%","24,0",ATP 2025,,"19,34",,,,"28,00",,,,,,,,,,,,,,0,,,,,,,,,,-51,0,,"0,00%",,,"0,00"
,12,12/06/2025,jeudi,"103,16",0,0,,,,"7,12","5,28","0,00%",0,0,183,51,"63,8%","24,0",ATP 2025,,,,,,"56,16",,,,,,,,,,,,,,0,,,,,,,,,,0,0,,"0,00%",,,"0,00"
,13,13/06/2025,vendredi,"104,56",0,0,"12,66",,,"10,02","5,32","0,00%",0,0,183,51,"58,9%","24,0",ATP 2025,,,,,,,,,,,,,,,,,,,,0,,,,,,,,,,0,0,,"0,00%",,,"0,00"
,14,14/06/2025,samedi,"27,66",0,0,,,,,,"0,00%",0,0,183,51,"54,7%","24,0",ATP 2025,,,,,,,,,,,,,,,,,,,,0,,,,,,,,,,0,0,,"0,00%",,,"0,00"
,15,15/06/2025,dimanche,"5,90",0,0,,,,,,"0,00%",0,0,183,51,"51,1%","24,0",ATP 2025,,,,,,,,,,,,,,,,,,,,0,,,,,,,,,,0,0,,"0,00%",,,"0,00"
,16,16/06/2025,lundi,"180,90",0,0,,,,"13,22","5,56","0,00%",0,0,183,51,"47,9%","24,0",ATP 2025,,,,"15,76",,,,,,,,,,,,,,,,0,,,,,,,,,,0,0,,"0,00%",,,"0,00"
,17,17/06/2025,mardi,"195,52",0,0,"17,10",,,"7,24",6,"0,00%",0,0,183,51,"45,1%","24,0",ATP 2025,,,,"7,64",,"82,70",,,,,,,,,,,,,,0,,,,,,,,,,0,0,,"0,00%",,,"0,00"
,18,18/06/2025,mercredi,"119,82",0,0,,,,"7,66","14,84","0,00%",0,0,183,51,"42,6%","24,0",ATP 2025,,,,,,,,,,,,,,,,,0,"0,0",0,0,,,,,,,,,,0,0,,"0,00%",,,"0,00"
,19,19/06/2025,jeudi,"81,74",0,0,,,,"6,84","6,00","0,00%",0,0,183,51,"40,3%","24,0",ATP 2025,,,,,,,,,,,,,,,,,,,,0,,,,,,,,,,0,0,,"0,00%",,,"0,00"
,20,20/06/2025,vendredi,"110,64",0,0,"15,74",,"22,04","9,64","13,24","0,00%",0,0,183,51,"38,3%","24,0",ATP 2025,,,,,,,,,,,,,,,,,,,,0,,,,,,,,,,0,0,,"0,00%",,,"0,00"
,21,21/06/2025,samedi,"29,62",0,0,,,,,,"0,00%",0,0,183,51,"36,5%","24,0",ATP 2025,,,,,,,,,,,,,,,,,,,,0,,,,,,,,,,0,0,,"0,00%",,,"0,00"
,22,22/06/2025,dimanche,"1,30",0,0,,,,,,"0,00%",0,0,183,51,"34,8%","24,0",ATP 2025,,,,,,,,,,,,,,,,,,,,0,,,,,,,,,,0,0,,"0,00%",,,"0,00"
,23,23/06/2025,lundi,"170,38",0,0,,,,"11,08","11,86","0,00%",0,0,183,51,"33,3%","24,0",ATP 2025,,,,,,,,,,,,,,,,,,,,0,,,,,,,,,,0,0,,"0,00%",,,"0,00"
,24,24/06/2025,mardi,"195,22",0,0,,,50,"6,94",15,"0,00%",0,0,183,51,"31,9%","24,0",ATP 2025,,,,,,,2,,,22,,,4,,,19,0,"0,0",0,0,,,,,,,,,,0,0,,"0,00%",,,"0,00"
,25,25/06/2025,mercredi,"127,90",0,0,"14,40",,,"8,32","12,60","0,00%",0,0,183,51,"30,6%","24,0",ATP 2025,,,,,,,,,,,,,,,,,470,"4,0",0,474,"281,0",9,,,,,,,220,220,0,,"0,00%",,,"0,00"
,26,26/06/2025,jeudi,"147,56",0,0,,,,"7,46","5,46","0,00%",0,0,183,51,"29,5%","24,0",ATP 2025,,,,,,,,,,,,,,,,,,,,0,,,,,,,,,,-220,3,,"0,00%",,,"0,00"
,27,27/06/2025,vendredi,"167,38",0,0,,,,"10,64",,"0,00%",0,0,183,51,"28,4%","24,0",ATP 2025,,,,,,,,,,,,,,,,,726,"1393,0",0,2 119,,,,,,,,,,0,3,,"0,00%",,,"0,00"
,28,28/06/2025,samedi,"25,78",0,0,,,,,,"0,00%",0,0,183,51,"27,4%","24,0",ATP 2025,,,,,,,,,,,,,,,,,,,,0,,,,,,,,,,0,3,,"0,00%",,,"0,00"
,29,29/06/2025,dimanche,"1,60",0,135,,,,,,"66,18%",15,53,199,44,"28,7%","8,1",Redémarrage ligne ,,,,,,,5,,,20,,,4,,,19,1 000,"3104,0",0,4 104,"405,1",63,,,"73,181","345,00",477,"0,00",362,362,21,23,"143,55%","0,80","0,10","0,03"
,30,30/06/2025,lundi,"249,18",0,216,"21,92",,,"11,42","13,20","100,00%",24,0,223,44,"31,1%","0,0",,,,,,,,,,27,,,,,,,,405,"531,0",0,936,"53,4",0,,,,"22,00",,,35,-327,31,26,"108,75%","0,00","0,00","0,00"
juillet 2025,1,01/07/2025,mardi,"229,48",0,216,,,,"7,32","7,28","100,00%",24,0,24,0,"100,0%","0,0",,,,,,,,16,,,42,,,4,,,19,381,"293,0",0,674,"49,4",0,,,"0,045","23,00",64,"0,00",36,1,31,28,"114,58%","0,00","0,00","0,00"
,2,02/07/2025,mercredi,"233,88",0,216,,,,"6,06","5,54","100,00%",24,0,48,0,"100,0%","0,0",,,,,,,,19,,,38,,,4,,,19,61,"89,0",1,151,"87,1",0,,,0,"35,00",65,"0,00",55,19,31,27,"110,83%","0,00","0,00","0,00"
,3,03/07/2025,jeudi,"140,30",0,207,,,,"8,82",11,"97,64%",23,26,71,26,"99,2%","0,6",ASL dépression base ,,"25,28",,"6,54",,,3,,,35,,,4,,,19,0,"0,0",0,0,"142,0",0,,,"0,025","52,00",90,"0,00",95,40,30,29,"123,76%","10,20","9,90","0,43"
,4,04/07/2025,vendredi,"154,32",0,216,"15,38",,,"11,20","5,20","100,00%",24,0,95,26,"99,4%","0,0",,,,,,,,8,,,33,,,4,,,19,123,"169,0",0,292,"92,0",0,,,"0,001","30,00",67,"0,00",53,-42,31,23,"96,67%","99,70","100,00","4,15"
,5,05/07/2025,samedi,"31,40",0,216,,,,,,"100,00%",24,0,119,26,"99,5%","0,0",,,,,,,,15,,,28,,,4,,,18,0,"0,0",0,0,40,42,,,45,"1,00",46,"0,00",38,-15,31,27,"112,92%","130,90","131,00","5,45"
,6,06/07/2025,dimanche,"1,48",0,216,,,,,,"100,00%",24,0,143,26,"99,6%","0,0",,,,,,,,21,,,25,,,3,,,18,51,"73,0",0,124,15,8,,,9,"0,00",6,"0,00",6,-32,31,29,"121,67%","141,90","142,00","5,91"
,7,07/07/2025,lundi,"271,28",0,216,,,,"12,34","12,24","100,00%",24,0,167,26,"99,7%","0,0",,,,,,,,28,,,21,,,3,,,18,0,"0,0",0,0,61,8,,,5,"38,00",28,"0,00",24,18,31,26,"109,58%","55,60","57,00","2,32"
,8,08/07/2025,mardi,"236,54",0,216,,,,"8,00","14,40","100,00%",24,0,191,26,"99,7%","0,0",,,"21,28",,"20,76",,,9,,,19,,,3,,,17,0,"0,0",0,0,"101,0",0,,,0,"72,00",84,"0,00",73,49,31,30,"123,75%","0,00","0,00","0,00"
,9,09/07/2025,mercredi,"251,02",0,216,,,,"6,70","12,88","100,00%",24,0,215,26,"99,7%","0,0",,"27,00",,,,,"82,62",17,,,15,,20,22,,,17,16,"2,0",0,18,"99,9",0,,,0,"66,00",69,"0,00",64,-9,31,31,"129,58%","42,90","42,00","1,79"
,10,10/07/2025,jeudi,"171,68",0,223,"19,22",,,"9,80",16,"100,00%",24,0,239,26,"99,8%","0,0",,,,,"9,76",,"80,00",22,,29,42,,,22,,,17,0,"0,0",0,0,"75,6",0,,,0,"37,00",48,"0,00",51,-13,31,27,"110,42%","115,90","117,00","4,83"
,11,11/07/2025,vendredi,"178,12",0,223,,,,"10,26",,"100,00%",24,0,263,26,"99,8%","0,0",,,,,,,"57,96",20,,,39,,,22,,,17,0,"0,0",0,0,"46,5",0,,,0,"27,00",25,"0,00",39,-12,31,27,"111,67%","121,10","121,00","5,05"
,12,12/07/2025,samedi,"94,86",0,223,,,,,,"100,00%",24,0,287,26,"99,8%","0,0",,,,,,,,35,,,36,,,22,,,17,,,,0,45,0,,,0,"27,00",22,"0,00",37,-2,29,28,"117,92%","126,10","127,00","5,25"
,13,13/07/2025,dimanche,"21,30",0,223,,,,,,"100,00%",24,0,311,26,"99,8%","0,0",,,,,,,,41,,,32,,,22,,,16,0,"0,0",0,0,0,0,,,0,"0,00",28,"0,00",0,-37,31,26,"107,50%","124,90","123,00","5,20"
,14,14/07/2025,lundi,"227,34",0,223,,,,"8,90",,"100,00%",24,0,335,26,"99,8%","0,0",,,,,,,,48,,,30,,,21,,,16,,,,0,81,0,,,0,"53,00",28,"0,00",75,75,31,24,"99,58%","120,60","124,00","5,03"
,15,15/07/2025,mardi,"299,98",0,223,,,,"6,74","11,80","100,00%",24,0,359,26,"99,8%","0,0",,,"25,32",,"20,08",,"112,18",26,,,27,,,21,,,16,0,"0,0",0,0,"65,0",0,,,"0,025","37,00",35,"0,00",53,-22,31,29,"120,00%","139,80","139,00","5,83"
,16,16/07/2025,mercredi,"351,52",0,223,,,,"5,56","12,50","100,00%",24,0,383,26,"99,9%","0,0",,,,,,,"86,20",33,,29,53,,,21,,,16,0,"0,0",0,0,"50,0",0,,,"0,076","31,00",29,"0,00",44,-9,31,24,"100,00%","117,40","119,00","4,89"
,17,17/07/2025,jeudi,"198,72",0,223,"12,34",,,"9,06",7,"100,00%",24,0,407,26,"99,9%","0,0",,,"20,86",,"18,52",,"84,14",16,,,50,,,21,,,15,0,"0,0",0,0,"65,0",0,,,0,"32,00",30,"0,00",46,2,31,27,"110,83%","126,10","126,00","5,25"
,18,18/07/2025,vendredi,"372,28",0,223,,,,"9,42",,"100,00%",24,0,431,26,"99,9%","0,0",,,,,,,"136,08",23,,,47,,,21,,,15,0,"0,0",0,0,,,,,0,,25,"0,00",,-46,31,28,"115,42%","135,10","136,00","5,63"
,19,19/07/2025,samedi,"83,94",0,48,,,,,,"100,00%",24,0,455,26,"99,9%","0,0",,,,,,,,29,,,43,,,21,,,15,0,"0,0",0,0,112,0,,,0,"67,00",30,"0,00",94,94,31,27,"112,50%","135,00","134,00","5,63"
,20,20/07/2025,dimanche,"0,90",0,0,,,,,,"14,58%",3,30,458,56,"95,6%","20,5",Fuite surchauffeur 5,,,,,,,,,,,,,,,,,,,,0,,,,,,,,,,-94,5,,"0,00%",,,"0,00"
,21,21/07/2025,lundi,"301,84",0,0,,,,"14,96","13,04","0,00%",0,0,458,56,"91,1%","24,0",Fuite surchauffeur 5,,,,,,,31,,,42,,,21,,,15,154,"177,0",0,331,146,0,,,1,"91,00",91,"0,00",52,52,0,4,"0,00%","7,80","9,00","0,33"
,22,22/07/2025,mardi,"240,60",0,0,"19,46",,20,"7,68","14,70","0,00%",0,0,458,56,"86,9%","24,0",Fuite surchauffeur 5,,"20,64",,,,"167,30",7,,,42,,,21,,,15,0,"0,0",0,0,"20,0",0,,,"213,358","12,00",12,"0,00",97,45,0,0,"0,00%","0,00","0,00","0,00"
,23,23/07/2025,mercredi,"237,98",0,0,,,,"6,96","14,46","0,00%",0,0,458,56,"83,1%","24,0",Fuite surchauffeur 5,,,,"10,64",,"84,18",8,,,42,,,21,,,14,0,"0,0",0,0,"5,0",0,,,"25,085","3,00",2,"0,00",4,-93,0,0,"0,00%","0,00","0,00","0,00"
,24,24/07/2025,jeudi,"112,04",0,0,"11,34",,,"8,04",12,"0,00%",0,0,458,56,"79,7%","24,0",Fuite surchauffeur 5,,,,,,"27,72",,,,,,,,,,,0,"0,0",0,0,,,,,,,,,,-4,0,,"0,00%",,,"0,00"
,25,25/07/2025,vendredi,"102,96",0,130,,,"20,76","10,52",,"61,74%",14,49,473,45,"79,0%","9,2",Fuite surchauffeur 5,,,,,,,12,,,41,,,21,,,14,,,,0,"144,0",0,,,"0,077","63,00",65,"0,00",92,92,18,15,"99,89%","0,00","0,00","0,00"
,26,26/07/2025,samedi,"43,74",0,223,,,,,,"100,00%",24,0,497,45,"79,8%","0,0",,,,,,,,16,,,37,,,21,,,14,802,"921,0",0,1 723,42,0,,,0,"25,00",19,"0,00",35,-57,31,29,"121,67%","0,00","0,00","0,00"
,27,27/07/2025,dimanche,"1,74",0,223,,,,,,"100,00%",24,0,521,45,"80,5%","0,0",,,,,,,,24,,,32,,,21,,,14,0,"0,0",0,0,38,0,,,0,"20,00",19,"0,00",29,-6,31,32,"133,33%","0,00","0,00","0,00"
,28,28/07/2025,lundi,"174,86",0,223,,,,"12,18","9,96","100,00%",24,0,545,45,"81,2%","0,0",,,,,,,,31,,,28,,,21,,,14,31,"5,0",0,36,51,0,,,0,"24,00",25,"0,00",33,4,31,24,"100,00%","62,20","61,00","2,59"
,29,29/07/2025,mardi,"184,92",0,223,,,,"7,34","8,82","100,00%",24,0,569,45,"81,9%","0,0",,,,,"9,48",,,37,,,25,,,20,,,14,9,"12,0",0,21,"44,0",0,,,0,"22,00",22,"0,00",33,0,30,26,"108,33%","121,00","123,00","5,04"
,30,30/07/2025,mercredi,"109,08",0,177,"20,20",,"20,82","7,02","8,88","81,46%",19,33,589,18,"81,8%","4,5",AT programmée (Changement surchauffeur 5),,"23,10",,,,,18,,,22,,,20,,,14,0,"0,0",0,0,"51,0",0,,,"0,051","24,00",22,"0,00",33,0,27,26,"133,50%","97,30","98,00","4,05"
,31,31/07/2025,jeudi,"89,76",0,0,,,,"7,46",9,"0,00%",0,0,589,18,"79,2%","24,0",AT programmée (Changement surchauffeur 5),,,,"16,34",,,18,,29,51,,,20,,,13,,,,0,"44,0",0,,,0,"23,00",24,"0,00",35,2,1,1,"0,00%","0,00","0,00","0,00"
août 2025,1,01/08/2025,vendredi,"100,25",0,0,"21,00",,,"9,38","6,14","0,00%",0,0,0,0,"0,0%","24,0",AT programmée (Changement surchauffeur 5),,,,,,,,,,,,,,,,,373,"334,0",0,707,"3,0",0,,,,,,,0,-35,0,,"0,00%",,,"0,00"
,2,02/08/2025,samedi,"32,48",0,0,,,,,,"0,00%",0,0,0,0,"0,0%","24,0",AT programmée (Changement surchauffeur 5),,,,,,,,,,,,,,,,,0,"0,0",0,0,"4,0",0,,,,,,,0,0,0,,"0,00%",,,"0,00"
,3,03/08/2025,dimanche,"0,90",0,0,,,,,,"0,00%",0,0,0,0,"0,0%","24,0",AT programmée (Changement surchauffeur 5),,,,,,,,,,,,,,,,,0,"0,0",0,0,"2,0",0,,,,,,,0,0,0,,"0,00%",,,"0,00"
,4,04/08/2025,lundi,"150,94",0,0,"9,34",,,"11,36","7,76","0,00%",0,0,0,0,"0,0%","24,0",AT programmée (Changement surchauffeur 5),,,,,,,,,,,,,,,,,0,"1,0",0,1,"27,0",0,,,,,,,22,22,0,,"0,00%",,,"0,00"
,5,05/08/2025,mardi,"228,30",0,0,,,"21,00","6,66","7,10","0,56%",0,8,0,8,"0,1%","23,9",Mise en OM après changement surchauffeur 5,,,,,,"27,52",,,,,,,,,,,0,"0,0",0,0,,,,,,,,,,-22,1,,"0,00%",,,"0,00"
,6,06/08/2025,mercredi,"203,34",0,214,,,,"7,16","5,82","98,75%",23,42,23,50,"16,6%","0,3",ASL après chasse vapeur (niv. très bas ballon),,,,,,"56,30",25,,,47,,,20,,,13,1 076,"567,0",0,1 643,141,0,,,0,"95,00",87,"0,00",116,116,29,22,"92,41%","0,00","0,00","0,00"
,7,07/08/2025,jeudi,"153,07",0,223,,,,"6,82","12,96","100,00%",24,0,47,50,"28,5%","0,0",,,,,,,"84,94",32,,,44,,,20,,,13,2,"0,0",0,2,45,0,,,0,"25,00",24,"0,00",36,-80,31,25,"102,92%","0,00","0,00","0,00"
,8,08/08/2025,vendredi,"185,54",0,223,"10,36",,,"8,72",,"100,00%",24,0,71,50,"37,4%","0,0",,,,,,,"55,18",36,,,41,,,20,,,12,0,"0,0",0,0,"81,0",0,,,0,"41,00",36,"0,00",61,25,31,30,"126,25%","0,00","0,00","0,00"
,9,09/08/2025,samedi,"30,98",0,223,,,,,,"100,00%",24,0,95,50,"44,4%","0,0",,,,,,,,43,,,37,,,20,,,12,0,"0,0",0,0,"94,7",0,,,0,"36,00",41,"0,00",56,-5,31,25,"104,17%","0,00","0,00","0,00"
,10,10/08/2025,dimanche,"0,94",0,219,,,,,,"98,96%",23,45,119,35,"49,8%","0,3",ASL tirage,,,,,,,49,,,34,,,20,,,12,1,"0,0",0,1,"155,7",0,,,0,"48,00",63,"0,00",85,29,30,26,"110,74%","58,60","58,60","2,44"
,11,11/08/2025,lundi,"300,82",0,219,,,,"10,20","13,94","97,22%",23,20,142,55,"54,1%","0,7",ASL sur ventilateur de tirage,,,,,,,55,,,31,,,20,,,12,7,"10,0",0,17,"125,9",0,,,0,"47,00",64,"0,00",96,11,30,25,"108,43%","111,40","110,40","4,64"
,12,12/08/2025,mardi,"272,96",0,228,,,,"6,22","5,24","100,00%",24,0,166,55,"58,0%","0,0",,,"21,14",,"17,96",,,37,,,28,,,20,,,12,2,"0,0",0,2,125,0,,,0,"35,00",53,"0,00",74,-22,31,26,"106,25%","123,60","125,00","5,15"
,13,13/08/2025,mercredi,"240,84",0,228,"11,44",,,"6,28","13,98","100,00%",24,0,190,55,"61,2%","0,0",,,,,,,,45,,,24,,,20,,,12,0,"0,0",0,0,0,0,,,0,"32,00",38,"0,00",38,-36,31,23,"95,42%","132,10","131,00","5,50"
,14,14/08/2025,jeudi,"166,00",0,228,,,,"6,54","6,94","100,00%",24,0,214,55,"64,0%","0,0",,"26,00","25,08",,"9,86",,"56,36",24,,,20,,,20,,,12,0,"0,0",0,0,118,0,,,0,"14,00",32,"0,00",56,18,31,23,"95,83%","127,00","126,00","5,29"
,15,15/08/2025,vendredi,"172,62",0,219,,,,"7,94",,"98,96%",23,45,238,40,"66,3%","0,3","ASL sur tirage, gros disjoncteur à réarmer au TGBT",,,,,,,29,,,17,,,19,,,12,0,"0,0",0,0,"59,7",0,,,0,"23,00",38,"0,00",46,-10,29,25,"103,58%","125,10","126,80","5,21"
,16,16/08/2025,samedi,"48,84",0,219,,,,,,"96,32%",23,7,261,47,"68,2%","0,9",Problème grappin sud,,,,,,,36,,,14,,,19,,,11,0,"0,0",0,0,"64,8",0,,,0,"24,00",36,"0,00",52,6,30,23,"99,93%","122,20","122,90","5,09"
,17,17/08/2025,dimanche,"1,02",0,228,,,,,,"100,00%",24,0,285,47,"70,0%","0,0",,,,,,,,42,,,11,,,19,,,11,220,"320,0",0,540,"48,1",0,,,0,"18,00",32,"0,00",37,-15,31,24,"101,67%","136,40","136,90","5,68"
,18,18/08/2025,lundi,"314,26",0,226,,,,"10,62","12,92","100,00%",24,0,309,47,"71,7%","0,0",,"25,00","23,30",,,,"76,32",22,,29,37,,,19,,,11,0,"0,0",0,0,"81,4",0,,,0,"29,00",39,"0,00",64,27,29,23,"97,50%","115,60","117,40","4,82"
,19,19/08/2025,mardi,"266,08",0,226,,,,"5,96","13,30","100,00%",24,0,333,47,"73,2%","0,0",,,,,,"5,00","57,62",28,,,34,,,19,,,10,0,"0,0",0,0,68,0,,,0,"23,00",33,"0,00",46,-18,31,24,"101,67%","130,40","131,00","5,43"
,20,20/08/2025,mercredi,"207,52",0,226,,,,"7,98","6,40","100,00%",24,0,357,47,"74,5%","0,0",,,,,,"5,00","52,86",34,,,,,,19,,2,11,0,"0,0",0,0,63,6,,,6,"23,00",35,"0,00",48,2,31,22,"92,08%","116,90","116,00","4,87"
,21,21/08/2025,jeudi,"184,03",0,226,,,21,"6,90","7,50","100,00%",24,0,381,47,"75,8%","0,0",,"25,00","22,34",,"31,90","5,00","54,86",,,,,,,,,,,0,"0,0",0,0,69,0,,,,"28,00",,,60,12,30,30,"124,17%","129,50","131,00","5,40"
,22,22/08/2025,vendredi,"258,54",0,0,"15,70",,,"8,92",,"1,25%",0,18,382,5,"72,4%","23,7",Problème capteur Niveau A ballon (chaudière vide),,,,"9,96","5,00","26,62",17,,,120,,,19,,,11,,,,0,,,,,"51,188",,115,"0,00",,-60,4,21,"7066,67%","3,90","4,00","0,16"
,23,23/08/2025,samedi,"145,74",0,226,,,,,,"100,00%",24,0,406,5,"73,6%","0,0",,,,,,"5,00",,23,,,120,,,19,,,11,412,"942,0",0,1 354,"216,0",51,,,"0,177","92,00",64,"0,00",190,190,30,22,"92,50%","110,70","110,00","4,61"
,24,24/08/2025,dimanche,"1,14",0,226,,,,,,"100,00%",24,0,430,5,"74,7%","0,0",,,,,,,,29,,,120,,,19,,,10,704,"1012,0",0,1 716,"58,0",0,,,0,"25,00",37,"0,00",52,-138,28,27,"111,67%","108,90","109,00","4,54"
,25,25/08/2025,lundi,"350,30",0,226,,,"21,12","11,26","7,84","100,00%",24,0,454,5,"75,7%","0,0",,,"23,06",,,,"138,26",9,,,120,,,19,,,10,383,"546,0",0,929,"51,5",0,,,"0,077","22,00",37,"0,00",46,-6,28,32,"131,67%","127,10","127,60","5,30"
,26,26/08/2025,mardi,"291,48",0,226,"21,12",,,"7,20","12,92","100,00%",24,0,478,5,"76,6%","0,0",,,,,,,"83,94",16,,,120,,,18,,,10,0,"0,0",0,0,81,0,,,0,"25,00",34,"0,00",56,10,31,29,"119,17%","128,30","128,80","5,35"
,27,27/08/2025,mercredi,"254,04",0,226,,,,"7,30","7,58","100,00%",24,0,502,5,"77,5%","0,0",,,,,,,"139,98",23,,,29,,,18,,,9,0,"0,0",0,0,56,0,,,0,"23,00",36,"0,00",48,-8,30,27,"111,67%","120,00","120,60","5,00"
,28,28/08/2025,jeudi,"192,00",0,226,"13,96",,22,"7,62","7,72","100,00%",24,0,526,5,"78,3%","0,0",,,,,"18,78",,"136,56",29,,29,47,,,18,,,9,,,,0,69,0,,,0,"22,00",36,"0,00",47,-1,29,28,"115,83%","114,40","117,00","4,77"
,29,29/08/2025,vendredi,"256,14",0,226,,,,"10,34",,"100,00%",24,0,550,5,"79,0%","0,0",,,"24,16",,"9,56",,,9,,,45,,,18,,,9,69,"97,0",0,166,"68,0",0,,,0,"27,00",38,"0,00",56,9,31,31,"130,00%","145,60","144,00","6,07"
,30,30/08/2025,samedi,"134,46",0,226,,,,,,"100,00%",24,0,574,5,"79,7%","0,0",,,,,,,,16,,,42,,,18,,,9,0,"0,0",0,0,"70,0",0,,,0,"28,00",36,"0,00",57,1,31,28,"116,67%","134,00","123,00","5,58"
,31,31/08/2025,dimanche,"1,08",0,219,,,,,,"97,92%",23,30,597,35,"80,3%","0,5",ASL sur perte Tirage,,,,,,,23,,,40,,,18,,,8,32,"48,0",0,80,"52,0",0,,,0,"21,00",40,"0,00",48,-9,29,28,"119,15%","99,00","110,00","4,13"
septembre 2025,1,01/09/2025,lundi,"383,56",0,233,,,,"12,42","12,82","100,00%",24,0,24,0,"100,0%","0,0",,,,,,,,29,,,38,,,18,,,8,0,"0,0",0,0,"58,0",0,,,0,"23,00",38,"0,00",49,1,30,27,"112,50%","111,90","112,00","4,66"
,2,02/09/2025,mardi,"359,14",0,233,"8,80",,,"7,90","15,10","100,00%",24,0,48,0,"100,0%","0,0",,,,,,,,36,,,36,,,17,,,8,15,"0,0",0,15,"66,0",0,,,0,"24,00",37,"0,00",59,10,30,43,"179,17%","128,60","129,00","5,36"
,3,03/09/2025,mercredi,"273,80",0,233,,,,"7,56",8,"100,00%",24,0,72,0,"100,0%","0,0",,,,,,,,43,,30,46,,,100,,,8,13,"30,0",0,43,"38,8",0,,,0,"23,00",28,"0,00",22,-37,30,21,"88,75%","131,90","132,60","5,50"
,4,04/09/2025,jeudi,"246,08",0,233,,,"20,84","7,40",,"100,00%",24,0,96,0,"100,0%","0,0",,,"16,76",,"11,14",,"82,84",32,,,44,,,17,,,7,0,"0,0",0,0,"45,6",0,,,0,"22,00",24,"0,00",35,13,31,30,"126,67%","128,20","128,70","5,34"
,5,05/09/2025,vendredi,"263,86",0,233,"11,04",,,"10,60",,"100,00%",24,0,120,0,"100,0%","0,0",,,,,,,"138,72",38,,,42,,,17,,,7,7,"12,0",0,19,37,0,,,0,"21,00",27,"0,00",22,-13,30,27,"113,75%","114,40","114,70","4,77"
,6,06/09/2025,samedi,"88,48",0,233,,,,,,"100,00%",24,0,144,0,"100,0%","0,0",,,,,,,,46,,,41,,,17,,,7,0,"0,0",0,0,50,0,,,0,"25,00",29,"0,00",51,29,31,29,"120,83%","118,00","119,00","4,92"
,7,07/09/2025,dimanche,"0,94",0,233,,,,,,"100,00%",24,0,168,0,"100,0%","0,0",,,,,,,,51,,,40,,,17,,,6,0,"0,0",0,0,43,0,,,0,"24,00",26,"0,00",35,-16,31,30,"125,00%","133,00","132,00","5,54"
,8,08/09/2025,lundi,"412,54",0,235,,,23,"11,50","15,54","100,00%",24,0,192,0,"100,0%","0,0",,,"24,40",,,,,31,,,37,,,17,,,6,1,"0,0",0,1,"44,0",0,,,0,"25,00",21,"0,00",35,0,30,33,"137,50%","135,00","137,00","5,63"
,9,09/09/2025,mardi,"373,68",0,235,,,"24,10","7,12","8,66","100,00%",24,0,216,0,"100,0%","0,0",,,,,"21,10",,,37,,,35,,,17,,,6,0,"0,0",0,0,"48,0",0,,,"0,076","23,00",20,"0,00",31,-4,31,30,"125,00%","129,00","128,00","5,38"
,10,10/09/2025,mercredi,"341,24",0,235,,,,"7,38",7,"100,00%",24,0,240,0,"100,0%","0,0",,,,,"8,38",,"55,14",44,,,34,,,16,,,6,0,"0,0",0,0,"35,0",0,,,"0,507","20,00",20,"0,00",27,-4,31,26,"108,33%","106,40","108,00","4,43"
,11,11/09/2025,jeudi,"259,12",0,225,,,"21,90","6,84","5,00","96,94%",23,16,263,16,"99,7%","0,7",APAVE - Tests de sécurité chaudière,,"23,72",,"18,20",,"113,92",25,,,32,,,16,,,5,6,"0,0",0,6,"50,0",0,,,"0,356","28,00",27,"0,00",41,14,30,25,"105,30%","120,90","121,00","5,04"
,12,12/09/2025,vendredi,"302,62",0,235,"14,72",,,"10,14","7,50","100,00%",24,0,287,16,"99,7%","0,0",,,,,,,"112,82",32,,29,48,,,16,,,5,0,"0,0",0,0,47,0,,,0,"24,00",25,"0,00",37,-4,31,40,"167,08%","136,10","137,00","5,67"
,13,13/09/2025,samedi,"130,30",0,235,,,,,,"100,00%",24,0,311,16,"99,8%","0,0",,,,,,,,40,,,45,,,16,,,5,0,"0,0",0,0,53,0,,,0,"25,00",26,"0,00",37,0,31,29,"120,83%","123,30","123,00","5,14"
,14,14/09/2025,dimanche,"0,44",0,235,,,,,,"100,00%",24,0,335,16,"99,8%","0,0",,,,,,,,47,,,43,,,16,,,5,0,"0,0",0,0,43,0,,,0,"24,00",24,"0,00",36,-1,31,33,"137,08%","134,80","135,00","5,62"
,15,15/09/2025,lundi,"384,44",0,233,,,,"11,30","23,50","100,00%",24,0,359,16,"99,8%","0,0",,,"24,66",,,,,27,,,41,,,16,,,4,0,"0,0",0,0,"47,8",0,,,0,"26,00",27,"0,00",41,5,31,33,"135,42%","128,50","129,00","5,35"
,16,16/09/2025,mardi,"336,14",0,233,,,,"6,58","7,34","100,00%",24,0,383,16,"99,8%","0,0",,,,,"19,98",,,33,,,40,,,16,,20,27,42,"2,0",0,44,"53,0",0,,,0,"25,00",21,"0,00",36,-5,31,33,"137,50%","120,00","120,00","5,00"
,17,17/09/2025,mercredi,"307,72",0,233,,,,"7,16",7,"100,00%",24,0,407,16,"99,8%","0,0",,,,,,"3,00","84,36",40,,,38,,,16,,,26,26,"39,0",0,65,"52,5",0,,,0,"24,00",29,"0,00",36,0,31,30,"125,83%","136,90","137,70","5,70"
,18,18/09/2025,jeudi,"241,70",0,233,,,,"6,70","8,24","100,00%",24,0,431,16,"99,8%","0,0",,,"25,60",,"17,68","3,00","81,98",18,,,36,,,15,,,26,0,"0,0",0,0,"54,8",0,,,0,"24,00",25,"0,00",36,0,30,30,"126,67%","117,80","118,40","4,91"
,19,19/09/2025,vendredi,"309,64",0,233,"11,92",,"23,12","9,44",,"100,00%",24,0,455,16,"99,8%","0,0",,,,,,"3,00","83,56",25,,,35,,,15,,,26,0,"0,0",0,0,46,0,,,0,"25,00",26,"0,00",39,3,31,32,"131,67%","127,60","128,10","5,32"
,20,20/09/2025,samedi,"65,02",0,233,,,,,,"100,00%",24,0,479,16,"99,8%","0,0",,,,,,,,31,,,34,,,15,,,26,,"0,0",0,0,48,0,,,0,"24,00",25,"0,00",38,-1,31,32,"133,75%","126,20","127,80","5,26"
,21,21/09/2025,dimanche,"1,08",0,233,,,,,,"100,00%",24,0,503,16,"99,9%","0,0",,,,,,,,37,,,32,,,15,,,26,,"0,0",,0,40,0,,,0,"25,00",27,"0,00",39,1,31,25,"104,58%","117,90","119,00","4,91"
,22,22/09/2025,lundi,"410,80",0,233,,,,"10,78","13,72","100,00%",24,0,527,16,"99,9%","0,0",,,"23,76",,,,,18,,26,45,,,15,,,25,0,"0,0",0,0,"51,9",0,,,"0,079","27,00",27,"0,00",40,1,31,34,"140,00%","135,30","134,00","5,64"
,23,23/09/2025,mardi,"346,30",0,233,,,,"6,84","15,14","100,00%",24,0,551,16,"99,9%","0,0",,,,,"22,76",,"82,76",24,,,44,,,15,,,25,0,"0,0",0,0,"54,1",0,,,0,"26,00",27,"0,00",40,0,30,35,"144,17%","124,40","123,00","5,18"
,24,24/09/2025,mercredi,"305,80",0,233,,,,"6,26",15,"100,00%",24,0,575,16,"99,9%","0,0",,,,,,"3,00","81,78",32,,,42,,,15,,,25,15,"10,0",0,25,"48,0",0,,,"26,406","26,00",26,"0,00",40,0,31,35,"147,50%","130,90","130,00","5,45"
,25,25/09/2025,jeudi,"257,28",0,233,"12,82",,,"6,52",,"100,00%",24,0,599,16,"99,9%","0,0",,,"25,66",,"9,58","3,00","110,14",9,,,41,,,15,,,24,186,"263,0",0,449,"45,0",0,,,0,"25,00",24,"0,00",38,-2,27,34,"141,67%","106,00","106,00","4,42"
,26,26/09/2025,vendredi,"247,10",0,233,,,,"10,12",,"100,00%",24,0,623,16,"99,9%","0,0",,,,,,"3,00","82,64",16,,,39,,,15,,,24,226,"289,0",0,515,43,0,,,0,"21,00",29,"0,00",34,-4,30,31,"128,33%","106,00","111,00","4,42"
,27,27/09/2025,samedi,"146,16",0,233,,,,,,"100,00%",24,0,647,16,"99,9%","0,0",,,,,,,,24,,,37,,,14,,,24,0,"0,0",0,0,46,0,,,0,"28,00",24,"0,00",40,6,31,39,"162,08%","143,30","143,60","5,97"
,28,28/09/2025,dimanche,"0,74",0,233,,,,,,"100,00%",24,0,671,16,"99,9%","0,0",,,,,,,,31,,,35,,,14,,,24,0,"0,0",0,0,47,0,,,0,"23,00",25,"0,00",38,-2,31,35,"146,67%","130,10","130,70","5,42"
,29,29/09/2025,lundi,"421,18",0,223,,,,"11,86","16,78","98,96%",23,45,695,1,"99,9%","0,3",ASL perte tirage,,"22,70",,,"2,00","56,26",12,,,40,,,14,,,23,2,"0,0",0,2,"54,0",0,,,0,"28,00",26,"0,00",43,5,30,36,"151,16%","121,80","122,70","5,08"
,30,30/09/2025,mardi,"342,88",0,233,,"1,00",,"7,06","6,86","100,00%",24,0,719,1,"99,9%","0,0",,,,,"21,72","2,00","83,60",19,,,38,,,14,,,23,1,"0,0",0,1,"48,1",0,,,0,"22,00",27,"0,00",35,-8,30,37,"152,50%","109,90","111,00","4,58"
octobre 2025,1,01/10/2025,mercredi,"320,70",0,213,"16,06","1,00","17,90","8,10",,"92,71%",22,15,22,15,"92,7%","1,8",Remplacement disque de rupture,,,,,"4,00","111,18",26,,,36,,,14,,,23,366,"500,0",0,866,"52,0",0,,,0,"28,00",30,"0,00",45,10,29,45,"202,25%","125,90","125,00","5,25"
,2,02/10/2025,jeudi,"250,48",0,233,,,,"7,42","15,75","100,00%",24,0,46,15,"96,4%","0,0",,,"24,50",,,"2,00","27,88",6,,26,53,,,14,,,23,0,"0,0",0,0,"53,0",0,,,0,"20,00",24,"0,00",32,-13,30,41,"170,83%","115,70","116,00","4,82"
,3,03/10/2025,vendredi,"293,39",0,233,"13,48",,,"10,00",,"100,00%",24,0,70,15,"97,6%","0,0",,,,,,"2,00","28,34",12,,,51,,,14,,,23,0,"0,0",0,0,"47,0",0,,,0,"23,00",23,"0,00",35,3,31,65,"269,58%","118,50","118,00","4,94"
,4,04/10/2025,samedi,"107,36",0,233,,,,,,"100,00%",24,0,94,15,"98,2%","0,0",,,,,,,,20,,,49,,,14,,,23,0,"0,0",0,0,"43,0",0,,,0,"24,00",23,"0,00",37,2,30,74,"309,58%","110,90","112,00","4,62"
,5,05/10/2025,dimanche,"1,26",0,233,,,,,,"100,00%",24,0,118,15,"98,5%","0,0",,,,,,,,26,,,47,,,14,,,22,0,"0,0",0,0,48,0,,,0,"25,00",27,"0,00",38,1,31,97,"405,83%","118,00","118,00","4,92"
,6,06/10/2025,lundi,"380,20",0,233,,,,"10,02","16,70","100,00%",24,0,142,15,"98,8%","0,0",,,,,,,,34,,,44,,,13,,,22,0,"0,0",0,0,48,0,,,0,"24,00",24,"0,00",39,1,30,105,"436,67%","121,60","122,40","5,07"
,7,07/10/2025,mardi,"365,70",0,233,"14,88",,,"6,94","6,76","100,00%",24,0,166,15,"99,0%","0,0",,,,"2,00","30,98",,,41,,,43,,,13,,,22,278,"379,0",0,657,54,0,,,0,"22,00",24,"0,00",34,-5,29,76,"315,42%","100,90","101,70","4,20"
,8,08/10/2025,mercredi,"339,96",0,233,,,,"7,48","15,54","100,00%",24,0,190,15,"99,1%","0,0",,,"26,62",,,,,19,,,41,,,13,,,22,0,"0,0",0,0,"37,3",0,,,0,"19,00",22,"0,00",31,-3,30,75,"311,67%","104,70","106,00","4,36"
,9,09/10/2025,jeudi,"235,88",0,223,"12,34",,,"6,34","8,42","99,03%",23,46,214,1,"99,1%","0,2",ASL TIRAGE,,,"1,00",,,,25,,,39,,,13,,,21,0,"0,0",0,0,"77,70",0,,,"0,00","40,00",41,"0,00",64,33,30,80,"336,19%","123,60","124,90","5,15"
,10,10/10/2025,vendredi,"230,60",0,223,,,,"10,00",,"97,92%",23,30,237,31,"99,0%","0,5",ASL Delta P haute FAM,,,,,,,31,,29,58,,,13,,,21,43,"48,0",0,91,"74,0",0,,,0,"42,00",42,"0,00",64,0,30,84,"357,45%","116,10","111,00","4,84"
,11,11/10/2025,samedi,"109,68",0,223,,,,,,"97,43%",23,23,260,54,"98,8%","0,6",ASL TIRAGE,,,,,,,38,,,56,,,13,,,21,87,"65,0",0,152,"92,0",0,,,0,"51,00",55,"0,00",80,16,29,79,"337,85%","115,00","112,00","4,79"
,12,12/10/2025,dimanche,"1,20",0,194,,,,,,"83,89%",20,8,281,2,"97,6%","3,9",Intervention maintenance extracteur décalé,,,,,,,43,,,53,,,13,,,21,140,"212,0",0,352,34,0,,,0,"19,00",23,"0,00",29,-51,26,85,"422,19%","75,00","76,00","3,13"
,13,13/10/2025,lundi,"400,96",0,213,,"1,00","22,30","11,28","15,06","95,63%",22,57,303,59,"97,4%","1,1",Intervention maintenance extracteur décalé + ASL,,"27,04",,"10,26","5,00","141,26",19,,,52,,,13,,,21,782,"1056,0",0,1 838,35,0,,,0,"18,00",20,"0,00",31,2,28,72,"311,55%","83,00","91,00","3,46"
,14,14/10/2025,mardi,"303,52",0,233,,1,,"7,12","14,36","100,00%",24,0,327,59,"97,6%","0,0",,,,,,"5,00","132,50",25,,,51,,,13,,,20,309,"437,0",0,746,43,0,,,0,"15,00",24,"0,00",34,3,31,83,"345,00%","117,00","116,00","4,88"
,15,15/10/2025,mercredi,"268,28",0,233,,,24,"7,14","7,80","100,00%",24,0,351,59,"97,8%","0,0",,,"24,20",,,"5,00","137,00",32,,,49,,,13,,,20,0,"0,0",0,0,"43,4",0,,,0,"29,00",24,"0,00",35,1,31,100,"418,33%","126,90","127,40","5,29"
,16,16/10/2025,jeudi,"222,30",0,233,"16,10",,,"6,50","7,90","100,00%",24,0,375,59,"97,9%","0,0",,,"23,96",,,"5,00","139,22",12,,,47,,,13,,,20,0,"0,0",0,0,"44,7",0,,,0,"20,00",22,"0,00",35,0,31,97,"402,92%","115,70","116,10","4,82"
,17,17/10/2025,vendredi,"276,10",0,233,,,,"10,52",,"100,00%",24,0,399,59,"98,0%","0,0",,,,,,,,18,,,45,,,13,,,19,,,,0,"44,9",0,,,0,"24,00",21,"0,00",35,0,31,100,"415,00%","106,40","106,50","4,43"
,18,18/10/2025,samedi,"62,62",0,233,,,,,,"100,00%",24,0,423,59,"98,1%","0,0",,,,,,,,25,,,43,,,12,,,19,0,"0,0",0,0,"48,0",0,,,0,"22,00",29,"0,00",37,2,31,92,"381,25%","104,50","106,00","4,35"
,19,19/10/2025,dimanche,"1,50",0,223,,,,,,"97,92%",23,30,447,29,"98,1%","0,5",AU déclenché (impossible d'utiliser les grappins),,,,,,,31,,,41,,,12,,,19,0,"0,0",0,0,47,0,,,0,"21,00",25,"0,00",34,-3,30,96,"409,79%","109,70","108,00","4,57"
,20,20/10/2025,lundi,"305,04",0,216,,,,"10,66","15,60","100,00%",24,0,471,29,"98,2%","0,0",,,"24,82","1,00",,,"56,74",11,,,39,,,12,,,19,202,"297,0",0,499,50,0,,,0,"26,00",22,"0,00",39,5,29,84,"350,83%","121,80","123,00","5,08"
,21,21/10/2025,mardi,"388,10",0,216,"12,66",,,"6,52","8,12","100,00%",24,0,495,29,"98,3%","0,0",,,,"1,00","20,56","2,00","52,48",16,,,37,,,12,,,18,3,"2,0",272,277,49,0,,,0,"22,00",25,"0,00",35,-4,27,82,"341,67%","103,00","102,00","4,29"
,22,22/10/2025,mercredi,"252,02",0,216,,,,"7,26","6,22","100,00%",24,0,519,29,"98,4%","0,0",,,,,"21,50","2,00","97,72",20,,30,57,,,12,,,10,0,"0,0",226,226,"52,0",0,,,0,"17,00",20,"0,00",28,-7,26,84,"350,00%","77,80","80,00","3,24"
,23,23/10/2025,jeudi,"194,54",0,235,,,,"6,52","7,80","100,00%",24,0,543,29,"98,5%","0,0",,,,"1,00","24,14","2,00","57,12",29,,,54,,,12,,,18,0,"0,0",69,69,"30,0",0,,,0,"26,00",28,"0,00",40,12,29,70,"292,08%","103,70","104,00","4,32"
,24,24/10/2025,vendredi,"226,92",0,235,,,,"8,30",8,"100,00%",24,0,567,29,"98,5%","0,0",,,"25,46",,,"2,00","56,80",8,,,51,,,12,,,18,0,"1,0",0,1,"49,0",0,,,0,"22,00",27,"0,00",37,-3,31,116,"483,75%","115,90","116,00","4,83"
,25,25/10/2025,samedi,"88,12",0,235,,,,,,"100,00%",24,0,591,29,"98,6%","0,0",,,,,,"2,00",,14,,,48,,,12,,,18,333,"475,0",0,808,"49,0",0,,,0,"25,00",25,"0,00",39,2,27,114,"475,42%","112,20","112,00","4,68"
,26,26/10/2025,dimanche,"1,00",0,245,,,,,,"104,17%",25,0,616,29,"98,8%","-1,0",Changement d'heure ,,,,,,,21,,,46,,,12,,,17,0,"0,0",0,0,41,0,,,0,"21,00",24,"0,00",34,-5,31,110,"440,80%","106,00","106,00","4,42"
,27,27/10/2025,lundi,"330,02",0,235,"12,14","1,00",,"11,44","6,44","100,00%",24,0,640,29,"98,8%","0,0",,,,"1,00","22,18","4,00","112,24",29,,,43,,,12,,,17,0,"0,0",0,0,51,0,,,0,"26,00",30,"0,00",,-34,31,108,"450,42%","114,40","115,00","4,77"
,28,28/10/2025,mardi,"371,16",0,235,,,,"6,74","7,82","100,00%",24,0,664,29,"98,9%","0,0",,,,"1,00",,"4,00","137,60",35,,,41,,,11,,,17,0,"0,0",0,0,48,0,,,0,"24,00",23,"0,00",,0,31,96,"398,75%","114,00","113,00","4,75"
,29,29/10/2025,mercredi,"258,52",0,235,,,,"7,50","7,98","100,00%",24,0,688,29,"98,9%","0,0",,,"25,42",,,"4,00","110,70",14,,,39,,,11,,,17,0,"0,0",0,0,"53,0",0,,,0,"21,00",25,"0,00",114,114,31,95,"394,17%","106,80","109,00","4,45"
,30,30/10/2025,jeudi,"231,08",0,235,,,,"6,54","8,12","100,00%",24,0,712,29,"99,0%","0,0",,,,"1,00",,"4,00","114,78",20,,,37,,,11,,,17,0,"0,0",0,0,"44,0",0,,,0,"24,00",26,"0,00",37,-77,31,115,"479,58%","118,20","119,00","4,93"
,31,31/10/2025,vendredi,"261,52",0,235,"9,20",,,"10,16",14,"100,00%",24,0,736,29,"99,0%","0,0",,,,,,,,27,,,35,,,11,,,16,0,"0,0",0,0,"42,0",0,,,0,"19,00",23,"0,00",33,-4,31,103,"428,75%","104,40","103,00","4,35"
novembre 2025,1,01/11/2025,samedi,"3,34",0,235,,,,,,"100,00%",24,0,24,0,"100,0%","0,0",,,,,,,,34,,,32,,,11,,,16,0,"0,0",0,0,"42,0",0,,,0,"19,00",23,"0,00",33,0,31,97,"403,33%","116,60","118,00","4,86"
,2,02/11/2025,dimanche,"1,08",0,235,,,,,,"100,00%",24,0,48,0,"100,0%","0,0",,,,,,,,41,,,30,,,11,,,16,0,"0,0",0,0,"43,0",0,,,0,"25,00",27,"0,00",37,4,31,106,"442,92%","111,40","113,00","4,64"
,3,03/11/2025,lundi,"404,14",0,235,,1,29,"12,06",8,"100,00%",24,0,72,0,"100,0%","0,0",,,"25,32",,,,,21,,,27,,,11,,,16,0,"0,0",0,0,"68,0",0,,,0,"34,00",47,"0,00",54,17,30,118,"490,83%","100,70","100,00","4,20"
,4,04/11/2025,mardi,"426,72",0,235,,"1,00",,"7,50","9,14","100,00%",24,0,96,0,"100,0%","0,0",,,,,"21,56","3,00","86,02",27,,30,47,,,11,,,15,150,"159,0",0,309,"84,0",0,,,0,"41,00",34,"0,00",68,14,29,116,"483,75%","111,60","111,00","4,65"
,5,05/11/2025,mercredi,"383,98",0,235,"11,76","1,00",,"7,02","7,66","100,00%",24,0,120,0,"100,0%","0,0",,,,,,"3,00","87,48",34,,,44,,,11,,,15,0,"1,0",0,1,50,0,,,0,"38,00",33,"0,00",42,-26,31,91,"379,58%","106,30","106,00","4,43"
,6,06/11/2025,jeudi,"194,80",0,235,,,,"7,18","8,32","100,00%",24,0,144,0,"100,0%","0,0",,,"24,84",,"23,76","3,00","80,78",14,,,43,,,10,,,15,0,"0,0",0,0,51,0,,,0,"14,00",27,"0,00",40,-2,30,101,"422,50%","118,90","118,80","4,95"
,7,07/11/2025,vendredi,"277,20",0,235,,,,"10,02",,"100,00%",24,0,168,0,"100,0%","0,0",,,,,,"3,00","85,52",21,,,41,,,10,,,15,0,"0,0",0,0,59,0,,,0,"29,00",32,"0,00",47,7,30,102,"422,92%","111,80","112,60","4,66"
,8,08/11/2025,samedi,"95,60",0,235,,,,,,"100,00%",24,0,192,0,"100,0%","0,0",,,,,,,,26,,,38,,,10,,,15,0,"0,0",0,0,"44,7",0,,,0,"23,00",26,"0,00",38,-9,31,100,"417,92%","111,60","112,30","4,65"
,9,09/11/2025,dimanche,"0,82",0,235,,,,,,"100,00%",24,0,216,0,"100,0%","0,0",,,,,,,,34,,,36,,,10,,,14,0,"0,0",0,0,"47,2",0,,,0,"25,00",29,"0,00",40,2,31,124,"518,33%","110,90","111,60","4,62"
,10,10/11/2025,lundi,"304,54",0,235,,,,"10,68",16,"100,00%",24,0,240,0,"100,0%","0,0",,,"25,98",,,"3,00","57,12",12,,,34,,,10,,,14,0,"0,0",0,0,"52,4",0,,,0,"24,00",29,"0,00",41,1,31,126,"523,75%","97,40","98,70","4,06"
,11,11/11/2025,mardi,"214,80",0,235,,,,"5,38",,"100,00%",24,0,264,0,"100,0%","0,0",,,,,,,,19,,,32,,,10,,,14,0,"0,0",0,0,"59,0",0,,,0,"26,00",28,"0,00",43,2,31,116,"482,92%","112,10","113,00","4,67"
,12,12/11/2025,mercredi,"263,86",0,235,,,,"5,98","14,20","100,00%",24,0,288,0,"100,0%","0,0",,,,,"24,74","3,00","78,56",26,,,30,,,10,,,13,0,"0,0",0,0,51,0,,,0,"25,00",31,"0,00",40,-3,31,110,"456,67%","112,60","112,00","4,69"
,13,13/11/2025,jeudi,"255,46",0,235,,,,"6,68","7,18","100,00%",24,0,312,0,"100,0%","0,0",,,"25,18",,"20,38","3,00","83,16",5,,,28,,,10,,,13,0,"0,0",0,0,58,0,2,,0,"26,00",24,"0,00",41,1,31,76,"316,25%","117,90","117,00","4,91"
,14,14/11/2025,vendredi,"250,72",0,235,"9,86",,30,"10,20",,"100,00%",24,0,336,0,"100,0%","0,0",,,,,,"2,00","57,60",12,,29,46,,,10,,,13,0,"0,0",0,0,38,0,2,,0,"20,00",22,"0,00",33,-8,31,64,"267,08%","107,60","109,00","4,48"
,15,15/11/2025,samedi,"49,12",0,235,,,,,,"100,00%",24,0,360,0,"100,0%","0,0",,,,,,,,13,,,44,,,9,,,9,0,"0,0",0,0,"42,0",0,0,,0,"22,00",24,"0,00",36,3,31,95,"397,50%","116,60","117,00","4,86"
,16,16/11/2025,dimanche,"0,80",0,235,,,,,,"100,00%",24,0,384,0,"100,0%","0,0",,,,,,,,26,,,41,,,9,,,13,0,"0,0",0,0,"45,0",0,0,,0,"25,00",27,"0,00",40,4,31,115,"479,58%","111,00","112,00","4,63"
,17,17/11/2025,lundi,"327,02",0,235,,,,"11,78",6,"100,00%",24,0,408,0,"100,0%","0,0",,,,,,"2,00","47,28",33,,,38,,,9,,,12,0,"0,0",0,0,"49,1",0,2,,0,"22,00",27,"0,00",38,-2,31,170,"707,50%","105,10","105,30","4,38"
,18,18/11/2025,mardi,"436,04",0,235,,,,"8,16","6,04","100,00%",24,0,432,0,"100,0%","0,0",,,,,"11,10","2,00","28,54",40,,,36,,,9,,,12,1,"0,0",0,1,"56,4",0,2,,0,"24,00",22,"0,00",38,0,30,172,"718,33%","94,40","94,80","3,93"
,19,19/11/2025,mercredi,"325,32",0,225,,,,"5,54","13,74","99,24%",23,49,455,49,"100,0%","0,2",Perte air secondaire dû à une explosion four,,"26,58",,,"2,00","27,66",17,,,35,,,9,,,11,0,"0,0",0,0,44,0,2,,0,"21,00",24,"0,00",36,-2,29,167,"701,61%","80,30","81,90","3,35"
,20,20/11/2025,jeudi,"358,14",0,235,,,,"7,92",,"100,00%",24,0,479,49,"100,0%","0,0",,,,,,"2,00","27,20",23,,,33,,,9,,,11,169,"1,0",0,170,50,0,1,,0,"23,00",27,"0,00",39,3,30,163,"679,17%","86,60","85,00","3,61"
,21,21/11/2025,vendredi,"302,48",0,235,"11,14",,,"9,12","10,36","100,00%",24,0,503,49,"100,0%","0,0",,,"25,52",,,"2,00","55,60",3,,,31,,,9,,,10,3,"0,0",0,3,,,1,,0,,28,"0,00",,-39,31,107,"447,50%","77,20","78,00","3,22"
,22,22/11/2025,samedi,"213,30",0,225,,,,,,"99,03%",23,46,527,35,"99,9%","0,2",ASL TIRAGE,,,,,,,,,,,,,,,,,2,"0,0",0,2,,,,,,,,,,0,30,101,"424,96%",,,"0,00"
,23,23/11/2025,dimanche,"1,06",0,235,,,,,,"100,00%",24,0,551,35,"99,9%","0,0",,,,,,,,16,,,28,,,9,,,10,0,"0,0",0,0,"138,0",0,4,,0,"73,00",52,"0,00",120,120,31,258,"1073,75%","14,00","13,00","0,58"
,24,24/11/2025,lundi,"358,46",0,235,,,,"10,36",5,"100,00%",24,0,575,35,"99,9%","0,0",,,,,"9,06","2,00","54,14",22,,,26,,,9,,,10,0,"0,0",0,0,"45,0",0,2,,0,"21,00",24,"0,00",35,-85,30,159,"660,42%","37,10","38,00","1,55"
,25,25/11/2025,mardi,"342,90",0,235,,,,"6,74","12,24","100,00%",24,0,599,35,"99,9%","0,0",,,,,"16,44","2,00","57,44",29,,29,45,,,8,,,10,0,"0,0",0,0,"86,0",0,2,,0,"44,00",45,"0,00",73,38,30,160,"667,50%","11,30","11,00","0,47"
,26,26/11/2025,mercredi,"276,58",0,235,"14,60",,,"7,26","13,34","100,00%",24,0,623,35,"99,9%","0,0",,,,,,"2,00","55,50",36,,,44,,,8,,,9,0,"0,0",0,0,44,0,2,,0,"20,00",23,"0,00",33,-40,30,107,"447,50%","0,00","0,00","0,00"
,27,27/11/2025,jeudi,"243,76",0,235,,,,"6,76",,"100,00%",24,0,647,35,"99,9%","0,0",,,"25,44",,"19,14","2,00","54,86",15,,,42,,,8,,,9,0,"0,0",0,0,36,0,2,,0,"16,00",18,"0,00",27,-6,29,106,"442,08%","0,30","0,00","0,01"
,28,28/11/2025,vendredi,"303,18",0,235,"11,34",,,"10,72","13,16","100,00%",24,0,671,35,"99,9%","0,0",,,,,,"2,00","51,26",23,,,41,,,8,,,9,0,"0,0",0,0,39,0,2,,0,"0,00",19,"0,00",32,5,30,91,"377,92%","27,30","28,00","1,14"
,29,29/11/2025,samedi,"121,04",0,235,,,,,,"100,00%",24,0,695,35,"99,9%","0,0",,,,,,,,30,,,39,,,8,,,9,0,"0,0",0,0,"35,0",0,0,,0,"36,00",21,"0,00",28,-4,29,90,"373,33%","114,00","114,00","4,75"
,30,30/11/2025,dimanche,"0,46",0,235,,,,,,"100,00%",24,0,719,35,"99,9%","0,0",,,,,,,,36,,,37,,,8,,,8,0,"0,0",0,0,"39,0",0,0,,0,"20,00",21,"0,00",32,4,29,104,"432,50%","103,00","103,00","4,29"
décembre 2025,1,01/12/2025,lundi,"354,06",0,235,,,,"11,80","17,56","100,00%",24,0,24,0,"100,0%","0,0",,,"25,96",,,"4,00","112,32",14,,,35,,,8,,,8,9,"2,0",0,11,"36,0",0,2,,0,"20,00",12,"0,00",29,-3,30,127,"529,17%","109,00","110,00","4,54"
,2,02/12/2025,mardi,"286,02",0,235,,"1,00","24,18","7,58","8,26","100,00%",24,0,48,0,"100,0%","0,0",,,,,"20,32","4,00","112,58",21,,,33,,,8,,,8,0,"0,0",0,0,"54,0",0,0,,0,"18,00",33,"0,00",25,-4,29,82,"341,67%","110,00","109,00","4,58"
,3,03/12/2025,mercredi,"341,64",0,235,,1,,"7,06",9,"100,00%",24,0,72,0,"100,0%","0,0",,,,,,"4,00","110,74",27,,25,50,,,8,,,7,3,"0,0",0,3,"43,0",0,0,,"13,533","19,00",29,"0,00",33,8,28,43,"179,17%","101,20","93,00","4,22"
,4,04/12/2025,jeudi,"339,46",0,186,,"1,00",,"6,56","8,80","83,19%",19,58,91,58,"95,8%","4,0",Maintenance Extracteur + Débourrage Caisson 6,,"26,06",,,"4,00","109,98",1,,,48,,,8,,,7,0,"0,0",0,0,"38,0",0,1,,0,"18,00",16,"0,00",28,-5,20,72,"362,10%","58,30","69,00","2,43"
,5,05/12/2025,vendredi,"220,56",0,206,"15,58","1,00",,"9,46","8,14","88,75%",21,18,113,16,"94,4%","2,7",Maintenance Extracteur + Débourrage Caisson 6,,,,,,,5,,,47,,,7,,,7,2 863,"4174,0",0,7 037,54,0,0,,0,"12,00",28,"0,00",40,12,25,75,"351,64%","87,20","86,00","3,63"
,6,06/12/2025,samedi,"149,28",0,235,,,,,,"100,00%",24,0,137,16,"95,3%","0,0",,,,,,,,12,,,45,,,7,,,7,0,"0,0",0,0,27,0,0,,0,"21,00",17,"0,00",27,-13,29,60,"250,83%","119,70","119,00","4,99"
,7,07/12/2025,dimanche,"0,82",0,225,,,,,,"99,17%",23,48,161,4,"95,9%","0,2",Grappin patine avec fermenté - plusieurs tentatives pour arriver à envoyer un grappin,,,,,,,16,,,44,,,7,,,7,56,"66,0",0,122,30,0,0,,0,"11,00",12,"0,00",17,-10,27,50,"211,76%","102,70","105,00","4,28"
,8,08/12/2025,lundi,"378,28",0,235,,,,"11,20","7,54","100,00%",24,0,185,4,"96,4%","0,0",,,,,,,,24,,,41,,,7,,,7,0,"0,0",0,0,"38,0",0,1,,0,"18,00",19,"0,00",26,9,29,43,"180,00%","116,90","116,00","4,87"
,9,09/12/2025,mardi,"313,88",0,235,,,,"7,24",,"100,00%",24,0,209,4,"96,8%","0,0",,,,,"16,78",,,30,,,40,,,7,,,7,0,"0,0",0,0,"35,0",0,0,,0,"19,00",20,"0,00",7,-19,29,56,"233,33%","122,00","124,00","5,08"
,10,10/12/2025,mercredi,"262,12",0,235,"15,36",,,"7,60",16,"100,00%",24,0,233,4,"97,1%","0,0",,,"26,48",,,"3,00","80,82",7,,,38,,,7,,,6,0,"0,0",0,0,"29,0",0,1,,0,"21,00",5,"0,00",18,11,26,32,"133,33%","109,00","109,00","4,54"
,11,11/12/2025,jeudi,"308,12",0,225,,,,"6,46","9,26","98,96%",23,45,256,49,"97,3%","0,3",ASL trémie vide,,,,"9,04","3,00","84,62",14,,,36,,,7,,,6,2,"0,0",0,2,"36,0",0,0,,0,"21,00",0,"0,00",33,15,30,30,"126,32%","123,00","124,00","5,13"
,12,12/12/2025,vendredi,"371,96",0,235,,,"22,64","10,30","6,64","100,00%",24,0,280,49,"97,5%","0,0",,,,,"22,08",,,21,,,34,,,7,,,6,0,"0,0",0,0,35,5,0,,0,"15,00",0,"0,00",23,-10,30,42,"172,92%","113,90","114,00","4,75"
,13,13/12/2025,samedi,"158,58",0,235,,,,,,"100,00%",24,0,304,49,"97,7%","0,0",,,,,,,,27,,,32,,,7,,,5,0,"0,0",0,0,63,0,0,,0,"37,00",0,"0,00",58,35,29,42,"175,83%","109,60","111,00","4,57"
,14,14/12/2025,dimanche,"0,78",0,235,,,,,,"100,00%",24,0,328,49,"97,9%","0,0",,,,,,,,33,,,29,,,6,,,5,0,"0,0",0,0,45,0,0,,0,"23,00",0,"0,00",37,-21,30,54,"224,17%","123,50","124,00","5,15"
,15,15/12/2025,lundi,"418,46",0,225,"14,76",,,"10,08","8,58","99,17%",23,48,352,37,"97,9%","0,2",ASL trémie vide,,,,,,,40,,,28,,,6,,,5,0,"0,0",0,0,"33,0",0,0,,0,"17,00",0,"0,00",27,-10,17,62,"260,50%","104,60","103,00","4,36"
,16,16/12/2025,mardi,"396,50",0,225,,"1,00","22,38","7,08","8,56","98,61%",23,40,376,17,"98,0%","0,3",ASL trémie vide + ASL Vibrations palier tirage,,"24,46",,,"3,00","81,64",19,,29,47,,,6,,,5,0,"0,0",0,0,"49,0",0,0,,0,"22,00",0,"0,00",17,-10,0,59,"248,87%","122,30","123,00","5,10"
,17,17/12/2025,mercredi,"182,22",0,235,,,,"7,08",8,"100,00%",24,0,400,17,"98,1%","0,0",,,,,,,,,,,,,,,,,,3,"0,0",0,3,"21,0",0,,,,"11,00",,,0,-17,0,50,"206,67%","95,10","96,00","3,96"
,18,18/12/2025,jeudi,"241,08",0,235,"12,98",,,"6,76",,"100,00%",24,0,424,17,"98,2%","0,0",,,"25,08",,,,,4,,,44,,,6,,,4,13,"0,0",0,13,"36,0",0,1,,0,"27,00",0,"0,00",0,0,0,72,"300,00%","145,00","149,00","6,04"
,19,19/12/2025,vendredi,"242,80",0,235,,,"20,08","10,56","16,48","100,00%",24,0,448,17,"98,3%","0,0",,,,,"10,68","3,00","82,76",10,,,42,,,6,,3,7,0,"1,0",0,1,61,0,0,,0,"23,00",0,"0,00",47,47,0,35,"144,58%","129,30","126,00","5,39"
,20,20/12/2025,samedi,"142,06",0,235,,,,,,"100,00%",24,0,472,17,"98,4%","0,0",,,,,,,,16,,,40,,,6,,,7,0,"0,0",0,0,59,0,0,,0,"31,00",0,"0,00",6,-41,0,61,"253,75%","124,80","124,00","5,20"
,21,21/12/2025,dimanche,"0,78",0,235,,,,,,"100,00%",24,0,496,17,"98,5%","0,0",,,,,,,,23,,,37,,,6,,,6,0,"0,0",0,0,30,0,0,,0,"14,00",0,"0,00",20,14,0,63,"262,08%","106,60","107,00","4,44"
,22,22/12/2025,lundi,"297,66",0,235,,,,"11,32","8,44","100,00%",24,0,520,17,"98,5%","0,0",,,,,,"6,00","159,94",30,,,35,,,6,,18,26,0,"0,0",0,0,"36,0",1,1,,0,"17,00",0,"0,00",9,-11,0,65,"271,67%","111,40","114,00","4,64"
,23,23/12/2025,mardi,"340,42",0,235,,,,"7,24","15,52","100,00%",24,0,544,17,"98,6%","0,0",,,"25,08",,"16,44","6,00","169,90",9,,,33,,,5,,,26,0,"0,0",0,0,"50,0",0,0,,0,"24,00",0,"0,00",5,-4,0,183,"762,92%","101,60","100,00","4,23"
,24,24/12/2025,mercredi,"292,06",0,225,"11,90",1,23,"6,62",4,"97,57%",23,25,567,42,"98,6%","0,6",ASL sur bourrage Trémie,,,,,,,14,,,31,,,5,,,26,16,"22,0",0,38,"48,0",0,0,,0,"24,00",0,"0,00",20,15,0,149,"637,15%","75,80","75,00","3,16"
,25,25/12/2025,jeudi,"50,98",0,235,,,,,,"100,00%",24,0,591,42,"98,6%","0,0",,,,,,,,18,,,30,,,5,,,25,38,"4,0",0,42,"38,0",0,1,,0,"17,00",0,"0,00",30,10,0,176,"733,75%","65,20","66,00","2,72"
,26,26/12/2025,vendredi,"273,02",0,206,,,,"14,34","6,96","89,10%",21,23,613,5,"98,3%","2,6",Grosse explosion (Disque de rupture déclenché),,,,,"4,00","115,10",24,,30,50,,,5,,,25,254,"98,0",0,352,70,0,0,,0,"32,00",0,"0,00",30,0,0,148,"694,00%","60,40","61,00","2,52"
,27,27/12/2025,samedi,"189,92",0,235,,,,,,"100,00%",24,0,637,5,"98,3%","0,0",,,,,,,,30,,,48,,,5,,,25,0,"1,0",0,1,45,0,0,,0,"21,00",0,"0,00",24,-6,0,192,"799,17%","75,70","76,00","3,15"
,28,28/12/2025,dimanche,"1,34",0,235,,,,,,"100,00%",24,0,661,5,"98,4%","0,0",,,,,,,,35,,,47,,,5,,,25,0,"0,0",0,0,52,0,0,,0,"21,00",0,"0,00",26,2,0,179,"745,00%","67,00","68,00","2,79"
,29,29/12/2025,lundi,"314,70",0,235,,,,"15,06","12,82","100,00%",24,0,685,5,"98,4%","0,0",,,"25,84",,"16,28","5,00","138,22",13,,,45,,,5,,,24,0,"0,0",0,0,"55,3",0,1,,0,"22,00",0,"0,00",12,-14,0,201,"838,75%","81,80","81,90","3,41"
,30,30/12/2025,mardi,"362,68",0,235,,,,"8,78","5,84","100,00%",24,0,709,5,"98,5%","0,0",,,,,,"5,00","134,76",18,,,44,,,5,,,24,0,"0,0",0,0,"58,2",0,0,,0,"24,00",0,"0,00",42,30,0,180,"750,83%","67,50","68,00","2,81"
,31,31/12/2025,mercredi,,0,235,,,,"10,92",11,"100,00%",24,0,733,5,"98,5%","0,0",,,,,,,"83,78",23,,,43,,,5,,,24,0,"0,0",0,0,"38,5",0,0,,0,"19,00",0,"0,00",42,0,0,179,"747,08%","68,80","68,10","2,87"
Enthalpie moyen (kj/kg),,3148,,,,,,,,,,,,,,,,,,,,,,,,,,,,,,,,,,,,,,,,,,,,,,,,,,,,,
Bilan Mensuel,,,,,,,,,,,,,,,,,,,,,,,,,,,,,,,,,,,,,,,,,,,,,,,,,,,,,,,